Name,Aliases,Root,Chord,Frets,Fingering,Also Derive From,When Derivative Source:,Order,Frets,Fingering,Comments
C Major,C,C,M,X 3 2 0 1 0,X 3 2 0 1 0,A E,,,,,
,,Db,,x 4 2 0 1 0,x 4 2 0 1 0,Ab C# E,,,,,
,,D,,x x 0 0 1 0,x x 0 0 1 0,G E D,,,,,
,,,,x x 0 5 5 3,x x 0 3 4 1,,,,,,
,,Eb,,,,G,,,,,
,,E,,x x 2 0 1 0,x x 2 0 1 0,G F,,2,,,
,,,,0 3 2 0 1 0,0 3 2 0 1 0,,,1,,,
,,,,0 x x 0 1 0,0 x x 0 1 0,,,3,,1 x x 2 4 3,
,,F,,x x 3 0 1 0,x x 3 0 1 0,A E G,,,,,
,,,,1 3 2 0 1 0 ,1 4 3 0 2 0,,,,,,
,,,,1 x x 0 1 0,1 x x 0 2 0,,,,,,
,,F#,,2 3 2 0 1 0 ,2 4 3 0 1 0,A E,,,,,
,,,,2 x 2 0 1 0 ,2 x 3 0 1 0,,,,,,
,,G,,3 3 2 0 1 0,3 4 2 0 1 0,A E G,,,,,
,,Ab,,4 3 2 0 1 0,4 3 2 0 1 0,Ab E,,,,,
,,A,,x 0 2 0 1 0,x 0 2 0 1 0 ,,,,,,Am7
,,,,x 0 5 5 5 3,x 0 2 3 4 1,,,,,,
,,Bb,,x 1 2 0 1 x,x 1 3 0 2 x,G E,,,,,
,,,,x 1 2 0 1 0,x 1 3 0 2 0,,,,,,
,,,,x 1 x 0 1 0,x 1 x 0 2 0,,,,,,
,,B,,x 2 2 0 1 0,x 2 3 0 1 0 ,G E F Bb,,,,,
,,,,x 2 x 0 1 0,x 2 x 0 1 0 ,,,,,,
C Minor,Cm,C,m,x 3 5 5 4 3,x 1 3 4 2 1,A E  D,,,,,
,,Db,,,,Ab C# E,,,,,
,,D,,x x 0 5 4 3,x x 0 3 2 1,Ab E C# D,,,,,
,,Eb,,,,C# Ab E F#,,,,,
,,E,,0 3 5 5 4 3,0 1 3 4 2 1,F C#,,,,,
,,F,,,,A E C#,,,,,
,,F#,,2 x 1 0 1 x,3 x 1 0 2 x,E A,,,,,
,,G,,,,A E D,,,,,
,,Ab,,4 x 5 5 4 3,,Ab F C# E,,,,,
,,A,,x 0 5 5 4 3,x 0 3 4 2 1,Ab F C#,,,,,
,,,,x 0 1 0 1 x,x 0 1 0 2 x,,,,,x 1 3 2 4 x,
,,Bb,,x 1 1 0 1 x,x 1 2 0 3 x,Ab E F# C#,,,,,
,,B,,x 2 1 0 1 x,x 3 1 0 2 x,E F,,,,,
C Diminished,Cdim,C,dim,,,Bb D A F,,,,,
C Augmented,Caug,C,aug,,,B E A G,,,,,
C Maj7,Cmaj7,C,maj7,x 3 2 0 0 0,x 3 2 0 0 0,A E F D G,,,,,
,,Db,,,,Ab E,,,,,
,,D,,,,G D E Ab,,,,,
,,Eb,,,,G,,,,,
,,E,,0 3 2 0 0 0,0 3 2 0 0 0,B G F,,,,,
,,F,,1 3 2 0 0 0,1 3 2 0 0 0,E,,,,1 4 3 1 1 1,
,,F#,,2 3 2 0 0 0,1 3 2 0 0 0,E,,,,,
,,G,,3 3 2 0 0 0,2 3 1 0 0 0,A G E D,,,,,
,,Ab,,4 3 2 0 0 0,3 2 1 0 0 0,D,,,,,
,,A,,x 0 10 9 8 7,x 0 4 3 2 1,G Ab,,,,,
,,Bb,,x 1 2 0 0 0,x 1 2 0 0 0,G,,,,,
,,B,,,,E F G,,,,,
C Dominant 7th,C7,C,7,x 3 2 3 1 0,x 3 2 4 1 0,A E D G B,,,,,
,,Db,,,,Ab E,,,,,
,,D,,,,G E D,,,,,
,,Eb,,,,G E,,,,,
,,E,,0 3 2 3 1 0,0 3 2 4 1 0,B G D,,,,,
,,F,,,,B E,,,,,
,,F#,,,,E,,,,,
,,G,,3 x 2 3 1 0,3 x 2 4 1 0,B A G E D,,,,,
,,Ab,,,,Ab E,,,,,
,,A,,x 0 2 3 1 3,x 0 2 3 1 4,A G,,,,,
,,Bb,,x 1 2 3 1 0,x 1 3 4 2 0,B G E,,,,,
,,B,,x 2 2 3 1 0,x 2 3 4 1 0,G,,,,,
C Minor 7th,Cm7,C,m7,,,A E B D,,,,,
,,Db,,,,A Ab E,,,,,
,,D,,,,E D,,,,,
,,Eb,,,,D F#,,,,,
,,E,,0 3 5 3 4 3,0 1 3 1 2 1,F,,,,,
,,F,,,,A B E,,,,,
,,F#,,,,E Ab,,,,,
,,G,,,,B A E D,,,,,
,,Ab,,,,A E,,,,,
,,A,,x 0 1 3 1 3,x 0 1 3 1 3,A,,,,,
,,Bb,,,,B A F# E,,,,,
,,B,,,,B F,,,,,
"C Half-Diminshed",Cm7b5,C,m7b5,,,,,,,,
C Add 9,Cadd9,C,add9,x 3 2 0 3 3,x 1 2 0 3 4,E A,,,,,
,,,,x 3 2 0 3 0,x 1 2 0 3 0,,,,,,
,,,,x 3 0 0 1 0,x 3 0 0 1 0,,,,,,
C Sus 2,Csus2,C,sus2,x 3 0 0 1 3,x 3 0 0 1 4,A D,,,,,
C Add 4,Cadd4,C,add4,x 3 3 0 1 0,x 3 4 0 1 0,A E G,,,,,
C Sus4,Csus4,C,sus4,x 3 3 0 1 1,x 3 4 0 1 1,A E D,,,,,
C 5 (Power Chord),C5,C,5,,,A E D,,,,,
C 6,C6,C,6,x 3 2 2 1 0,x 4 2 3 1 0,A E F D G,,,,,
C Minor add 9,Cmadd9,C,madd9,x 3 1 0 3 x,x 3 1 0 4 x,E,,,,,
C Minor add 4,Cmadd4,C,madd4,,,A E,,,,,
C Minor 6,Cm6,C,m6,,,E B F D,,,,,
C Major 9,Cmaj9,C,maj9,x 3 2 4 3 0,x 2 1 4 3 0,Bb E,,,,,
C Major 11,Cmaj11,C,maj11,x 3 2 0 0 1,x 3 2 0 0 1,A E,,,,,
C Major 13,Cmaj13,C,maj13,x 3 2 2 0 3,x 3 2 1 0 4,E,,,,,
C Major #11,Cmaj#11,C,maj#11,x 3 2 0 0 2,x 3 2 0 0 2,A E,,,,,
C Minor 9,"Cm9, Cm7/9",C,"m9, m7/9",x 3 1 3 3 x,,B E,,,,,
C Minor 11,Cm11,C,m11,,,B A E F# ,,,,,
C Minor 13,Cm13,C,m13,,,A E,,,,,
C Minor flat 9,Cm7(b9),C,m7(b9),,,E F#,,,,,
C Minor flat 13,Cm(b13),C,m(b13),,,A E,,,,,
C Minor sharp 11,Cm(#11),C,m(#11),,,A E,,,,,
C Minor Major 7th,Cm(maj7),C,m(maj7),x 3 1 0 0 x,X 3 1 0 0 x,A E F D,,,,,
C Dominant 7/9,"C9, C7/9",C,"9, 7/9",,,Bb E Eb F,,,,,
C Dominant 7sus2,C7sus2,C,7sus2,x 3 0 3 3 3,x 1 0 2 3 4,A D,,,,,
C Dominant 7sus4,C7sus4,C,7sus4,,,A E D B,,,,,
C Dominant 11th,C11,C,11,,,B A,,,,,
C Dominant 7/13,C13,C,13,,,A E,,,,,
C Dominant 7/9b,C7b9,C,7b9,,,Bb E Eb,,,,,
,,,,x 3 2 3 2 0,x 3 1 4 2 0,,,,,,
C Dominant 7/11#,C(#11),C,#11,,,E A,,,,,
C Dominant 7/b5,C7b5,C,7b5,,,A E F D,,,,,
C Augmented 7,Caug7,C,aug7,,,A E D,,,,,
C add6 add9,C6/9,C,6/9,,,Bb Eb F G,,,,,
C Minor add6 add9,Cm6/9,C,m6/9,,,B E,,,,,
C Major 7 13/9,Cmaj13/9,C,maj13/9,,,A E F,,,,,
C Dominant 7 13/9,C13/9,C,13/9,,,A E G Bb,,,,,
C Dominant 7 13/b9,C13/b9,C,13/b9,,,E G,,,,,
C Dominant 7#9,C7#9,C,7#9,,,Bb Eb,,,,,
,,,,,,,,,,,
C# Major,C#,C#,M,,,A E C D,,,,,
,,D,,x x 0 1 2 1,x x 0 1 3 2,Ab,,,,,
,,D#,,,,G E C D,,,,,
,,E,,,,G,,,,,
,,,,0 4 6 6 6 4,0 1 2 3 4 1,,,,,,
,,F,,,,G C F,,,,,
,,F#,,,,G C A E,,,,,
,,G,,,,A E,,,,,
,,G#,,,,A E G,,,,,
,,A,,,,Ab E,,,,,
,,,,x 0 6 6 6 4,x 0 2 3 4 1,,,,,,
,,A#,,,,C,,,,,
,,B,,,,G E C,,,,,
,,C,,,,G E F Bb C,,,,,
C# Minor,C#m,C#,m,,,A E G D,,,,,
,,D,,x x 0 1 2 0,x x 0 1 2 0,Ab E,,,,,
,,D#,,x x 1 1 2 0,x x 1 2 3 0,Ab E D,,,,,
,,E,,x x 2 1 2 0,x x 2 1 3 0,Ab E F#,,,,,
,,,,0 x 2 1 2 0,0 x 2 1 3 0,,,,,,
,,F,,x x 3 1 2 0,x x 3 1 2 0,F,,,,,
,,F#,,2 x 2 1 2 x,2 x 3 1 4 x,A E,,,,,
,,G,,3 x 2 1 2 0,4 x 2 1 3 0,E A C,,,,,
,,G#,,,,A E D,,,,,
,,A,,x 0 2 1 2 0,x 0 2 1 3 0,Ab F E,,,,,
,,A#,,x 1 x 1 2 0,x 1 x 2 3 0,C Ab F,,,,,
,,B,,x 2 x 1 2 0,x 2 x 1 3 0,Ab E F# C,,,,,
,,C,,x 3 2 1 2 0,x 4 2 1 3 0,C E F,,,,,
C# Diminished,C#dim,C#,dim,,,Bb D F A ,,,,,
C# Diminished 7,C#dim7,C#,dim,x 4 5 3 5 0,x 2 3 1 4 0,,,,,,
C# Augmented,C#aug,C#,aug,,,B A E G ,,,,,
C# Maj7,C#maj7,C#,maj7,,,A E F C D G,,,,,
,,D,,,,Ab E,,,,,
,,D#,,,,G D E Ab,,,,,
,,E,,0 4 6 5 6 4,x 1 3 2 4 1,G,,,,,
,,F,,,,C B G F,,,,,
,,F#,,,,E,,,,,
,,G,,,,E,,,,,
,,G#,,,,C A G E D,,,,,
,,A,,x 0 6 6 6 8,x 0 1 1 1 3,D,,,,,
,,A#,,,,G Ab,,,,,
,,B,,,,C G,,,,,
,,C,,,,E F G,,,,,
C# Dominant 7th,C#7,C#,7,,,A E B D G,,,,,
,,D,,,,Ab E,,,,,
,,D#,,,,G E D,,,,,
,,E,,,,G E,,,,,
,,F,,,,B G D,,,,,
,,F#,,,,B E,,,,,
,,G,,,,E,,,,,
,,G#,,,,B A G E D,,,,,
,,A,,,,Ab E,,,,,
,,A#,,,,A G,,,,,
,,B,,,,B G E,,,,,
,,C,,,,G,,,,,
C# Minor 7th,C#m7,C#,m7,,,A E B D ,,,,,
C# Minor 7th,C#m7,C#,m7,,,A E B D ,,,,,
,,,,x 4 2 1 0 0,x 4 2 1 0 0,,,,,,
,,D,,,,A Ab E,,,,,
,,D#,,,,E D,,,,,
,,E,,0 4 6 4 5 4,0 1 3 1 2 1,D F#,,,,,
,,F,,,,F,,,,,
,,F#,,,,A B E,,,,,
,,G,,,,E Ab,,,,,
,,G#,,,,B A E D,,,,,
,,A,,x 0 9 9 9 9,x 0 1 1 1 1,A E,,,,,
,,A#,,,,A,,,,,
,,B,,,,B A F# E,,,,,
,,C,,,,B F,,,,,
C# Half-Diminshed,C#m7b5,C#,m7b5,,,A F D B,,,,,
C# Add 9,C#add9,C#,add9,,,E C A,,,,,
C# Sus 2,C#sus2,C#,sus2,,,A D,,,,,
C# Add 4,C#add4,C#,add4,,,A E G,,,,,
C# Sus4,C#sus4,C#,sus4,,,A E D,,,,,
C 5 (Power Chord),C5,C,5,,,A E D,,,,,
C# 6,C#6,C#,6,,,A E B F D G,,,,,
C# Minor add 9,C#madd9,C#,madd9,,,E,,,,,
C# Minor add 4,C#madd4,C#,madd4,,,A E,,,,,
C# Minor 6,C#m6,C#,m6,,,E B F D,,,,,
C# Major 9,C#maj9,C#,maj9,,,Bb E,,,,,
C# Major 11,C#maj11,C#,maj11,,,A E,,,,,
C# Major 13,C#maj13,C#,maj13,,,E,,,,,
C# Major #11,C#maj#11,C#,maj#11,,,A E,,,,,
C# Minor 9,"C#m9, C#m7/9",C#,"m9, m7/9",x 4 2 4 4 x,,B E,,,,,
C# Minor 11,C#m11,C#,m11,,,B A E F# ,,,,,
C# Minor 13,C#m13,C#,m13,,,A E,,,,,
C# Minor flat 9,C#m7(b9),C#,m7(b9),,,E F#,,,,,
C# Minor flat 13,C#m(b13),C#,m(b13),,,A E,,,,,
C# Minor sharp 11,C#m(#11),C#,m(#11),,,A E,,,,,
C# Minor Major 7th,C#m(maj7),C#,m(maj7),,,A E C F D,,,,,
C# Dominant 7/9,"C#9, C#7/9",C#,"9, 7/9",,,Bb E Eb F,,,,,
C# Dominant 7sus2,C#7sus2,C#,7sus2,,,A D,,,,,
C# Dominant 7sus4,C#7sus4,C#,7sus4,,,A E D B,,,,,
C# Dominant 11th,C#11,C#,11,,,B A,,,,,
C# Dominant 7/13,C#13,C#,13,,,A E Bb,,,,,
C# Dominant 7/9b,C#7b9,C#,7b9,,,Bb E Eb,,,,,
C# Dominant 7/11#,C#(#11),C#,#11,,,E A,,,,,
C# Dominant 7/b5,C#7b5,C#,7b5,,,A E F D,,,,,
C# Augmented 7,C#aug7,C#,aug7,,,A E D,,,,,
C# add6 add9,C#6/9,C#,6/9,,,Bb Eb F G,,,,,
C# Minor add6 add9,C#m6/9,C#,m6/9,,,B E,,,,,
C# Major 7 13/9,C#maj13/9,C#,maj13/9,,,A E F,,,,,
C# Dominant 7 13/9,C#13/9,C#,13/9,,,A E G Bb,,,,,
C# Dominant 7 13/b9,C#13/b9,C#,13/b9,,,E G,,,,,
C# Dominant 7#9,C#7#9,C#,7#9,,,Bb Eb,,,,,
,,,,,,,,,,,
D Major,D,D,M,x x 0 2 3 2,x x 0 1 3 2,A E C,,,,,
,,Eb,,,,C# Ab E,,,,,
,,E,,0 0 0 2 3 2,0 0 0 1 3 2,G E C,,,,,
,,F,,1 0 0 2 3 2,1 0 0 2 4 3,G,,,,,
,,F#,,2 0 0 2 3 2,1 0 0 2 4 3,C G F,,,,,
,,G,,3 0 0 2 3 2,3 0 0 1 4 2,A G C E,,,,,
,,G#,,4 0 0 2 3 2,4 0 0 1 2 1,A E,,,,,
,,A,,x 0 0 2 3 2,x 0 0 1 3 2,A E G,,,,,
,,Bb,,x 1 0 2 3 2,x 1 0 2 4 3,Ab E,,,,,
,,B,,x 2 0 2 3 2,x 1 0 2 4 3,C,,,,,
,,C,,x 3 0 2 3 2,x 2 0 1 3 1,G E C,,,,,
,,C#,,x 4 0 2 3 2,x 4 0 1 2 1,G E F Bb C,,,,,
D Minor,Dm,D,m,x x 0 2 3 1,x x 0 2 3 1,A E G,,,,,
,,Eb,,,,Ab C# E,,,,,
,,E,,0 0 0 2 3 1,0 0 0 2 3 1,Ab E C#,,,,,
,,F,,1 0 0 2 3 1,1 0 0 3 4 2,C# Ab E F#,,,,,
,,F#,,2 0 0 2 3 1,2 0 0 3 4 1,F C#,,,,,
,,G,,3 0 0 2 3 1,3 0 0 2 4 1,C# E A,,,,,
,,G#,,,,E A C,,,,,
,,A,,x 0 0 2 3 1,x 0 0 2 3 1,A E,,,,,
,,Bb,,x 1 0 2 3 1,x 1 0 3 4 2,C# Ab F E,,,,,
,,B,,x 2 0 2 3 1,x 2 0 3 4 1,C# C Ab F,,,,,
,,C,,x 3 0 2 3 1,x 3 0 2 4 1,C# Ab E F# C,,,,,
,,C#,,,,C F E,,,,,
D Diminished,Ddim,D,dim,x x 0 1 0 1,x x 0 1 0 2,Bb A F,,,,x x 1 3 2 4, 
D Augmented,Daug,D,aug,x x 0 3 3 2,x x 0 2 3 1,B A E G ,,,,,
D Maj7,Dmaj7,D,maj7,x x 0 2 2 2,x x 0 1 1 1,A E C D G,,,,x x 1 3 3 3,
,,Eb,,,,Ab E,,,,,
,,E,,0 0 0 2 2 2,0 0 0 1 1 1,G E Ab,,,,1 1 1 3 3 3,
,,F,,1 0 0 2 2 2,1 0 0 2 3 4,G,,,,,
,,F#,,2 0 0 2 2 2,1 0 0 2 3 4,C B G F,,,,,
,,G,,3 0 0 2 2 2,2 0 0 1 1 1,E,,,,,
,,G#,,4 0 0 2 2 2,4 0 0 1 1 1,E,,,,,
,,A,,x 0 0 2 2 2,x 0 0 1 1 1,C A G E,,,,x 1 1 3 3 3,
,,Bb,,x 1 0 2 2 2,x 1 0 2 3 4,,,,,x 1 2 4 4 4,
,,B,,x 2 0 2 2 2,x 1 0 2 3 4,G Ab,,,,,
,,C,,x 3 0 2 2 2,x 2 0 1 1 1,C G,,,,,
,,C#,,x 4 0 2 2 2,x 4 0 1 1 1,E F G,,,,,
D Dominant 7th,D7,D,7,x x 0 2 1 2,x x 0 2 1 3,A B E G,,,,,
,,Eb,,,,Ab E,,,,,
,,E,,0 0 0 2 1 2,0 0 0 2 1 3,G E,,,,,
,,F,,1 0 0 2 1 2,1 0 0 3 2 4,G E,,,,,
,,F#,,2 0 0 2 1 2,2 0 0 3 1 4,B G,,,,,
,,,,2 0 0 2 1 x,2 0 0 3 1 x,,,,,,
,,G,,,,B E,,,,,
,,Ab,,,,E,,,,,
,,A,,x 0 0 2 1 2,x 0 0 2 1 3,B A G E,,,,,
,,Bb,,x 1 0 2 1 2,x 1 0 3 2 4,Ab E,,,,,
,,B,,x 2 0 2 1 2,x 2 0 3 1 4,A G,,,,,
,,C,,x 3 0 2 1 2,x 4 0 3 1 2,B G E,,,,,
,,C#,,,,G,,,,,
D Minor 7th,Dm7,D,m7,x x 0 2 1 1,x x 0 2 1 1,A E B,,,,x x 1 4 2 3,
,,Eb,,,,A Ab E,,,,,
,,E,,0 0 0 2 1 1,0 0 0 2 1 1,E D,,,,,
,,F,,1 0 0 2 1 1,1 0 0 4 2 3,D F#,,,,,
,,F#,,2 0 0 2 1 1,3 0 0 4 1 2,F,,,,,
,,G,,3 0 0 2 1 1,3 0 0 2 1 1,A B E,,,,,
,,G#,,4 0 0 2 1 1,4 0 0 2 1 1,E Ab,,,,,
,,A,,x 0 0 2 1 1,x 0 0 2 1 1,B A E,,,,,
,,Bb,,x 1 0 2 1 1,x 1 0 4 2 3,A E,,,,,
,,B,,x 2 0 2 1 1,x 2 0 4 1 2,A,,,,,
,,C,,x 3 0 2 1 1,x 3 0 2 1 1,B A F# E,,,,,
,,C#,,x 4 0 2 1 1,x 4 0 2 1 1,B F,,,,,
D Half-Diminshed,Dm7b5,D,m7b5,x x 0 1 1 1,x x 0 1 1 1,A F B,,,,x x 1 3 3 3,
D Add 9,Dadd9,D,add9,x 5 4 2 3 0,x 4 3 1 2 0,E C A,,,,,
D Sus 2,Dsus2,D,sus2,x x 0 2 3 0,x x 0 1 3 0,A D,,,,x x 1 3 4 1,
D Add 4,Dadd4,D,add4,x 5 4 0 3 5,x 3 2 0 1 4,A E G,,,,,
D Sus4,Dsus4,D,sus4,x x 0 2 3 3,x x 0 1 3 4,A E,,,,x x 1 2 3 4,
D 5 (Power Chord),D5,D,5,x x 0 2 3 x,x x 0 2 3 x,A E,,,,,
D 6,D6,D,6,x x 0 2 0 2,x x 0 2 0 3,A E B F G,,,,,
D Minor add 9,Dmadd9,D,madd9,x 5 3 2 3 0,x 4 2 1 3 0,E,,,,,
D Minor add 4,Dmadd4,D,madd4,,,A E,,,,,
D Minor 6,Dm6,D,m6,x x 0 2 0 1,x x 0 2 0 1,E B F,,,,,
D Major 9,Dmaj9,D,maj9,,,Bb E,,,,,
D Major 11,Dmaj11,D,maj11,,,A E,,,,,
D Major 13,Dmaj13,D,maj13,,,E,,,,,
D Major #11,Dmaj#11,D,maj#11,,,A E,,,,,
D Minor 9,"Dm9, Dm7/9",D,"m9, m7/9",x 5 3 5 5 x,,B E,,,,,
D Minor 11,Dm11,D,m11,,,B A E F# ,,,,,
D Minor 13,Dm13,D,m13,,,A E,,,,,
D Minor 7 flat 9,Dm7(b9),D,m7(b9),,,E F#,,,,,
D Minor flat 13,Dm(b13),D,m(b13),,,A E,,,,,
D Minor sharp 11,Dm(#11),D,m(#11),,,A E,,,,,
D Minor Major 7th,Dm(maj7),D,m(maj7),x x 0 2 2 1,x x 0 2 3 1,A E C F,,,,,
D Dominant 9,D9,D,9,,,Bb E Eb F,,,,,
D Dominant 7/9,D7/9,D,7/9,,,Bb E Eb F,,,,,
D Dominant 7sus2,D7sus2,D,7sus2,x x 0 2 1 0,x x 0 2 1 0,A,,,,,
D Dominant 7sus4,D7sus4,D,7sus4,x x 0 2 1 3,x x 0 2 1 4,A E B,,,,x x 1 3 2 4,
D Dominant 11th,D11,D,11,,,B A,,,,,
D Dominant 7/13,D13,D,13,,,A E Bb,,,,,
D Dominant 7/9b,D7b9,D,7b9,,,Bb E Eb,,,,,
D Dominant 7/11#,D(#11),D,#11,,,E A,,,,,
D Dominant 7/13b,D(b13),D,b13,x 5 7 5 7 6,,E,,,,,
D Dominant 7/b5,D7b5,D,7b5,x x 0 1 1 2,x x 0 1 2 3,A E F,,,,,
D Augmented 7,Daug7,D,aug7,x x 0 3 1 2,x x 0 3 1 2,A E,,,,,
D add6 add9,D6/9,D,6/9,,,Bb Eb F G,,,,,
D Minor add6 add9,Dm6/9,D,m6/9,,,B E,,,,,
D Major 7 13/9,Dmaj13/9,D,maj13/9,,,A E F,,,,,
D Dominant 7 13/9,D13/9,D,13/9,,,A E G Bb,,,,,
D Dominant 7 13/b9,D13/b9,D,13/b9,,,E G,,,,,
D Dominant 7#9,D7#9,D,7#9,,,Bb Eb,,,,,
,,,,,,,,,,,
Eb Major,Eb,Eb,M,,,A C E D,,,,,
,,,,x 6 5 0 4 6,x 3 2 0 1 4,,,,,,
,,E,,0 x x 3 4 3,0 x x 1 3 2,Ab C# E,,,,,
,,F,,1 1 1 0 x x,1 2 3 0 x x,G E C D,,,,,
,,Gb,,2 1 1 0 x x,3 1 2 0 x x,G,,,,,
,,G,,3 1 1 0 x x,4 1 2 0 x x,G C F,,,,,
,,Ab,,,,C G A E,,,,,
,,A,,x 0 x 3 4 3,x 0 x 1 3 2,A E,,,,,
,,Bb,,,,A E G,,,,,
,,B,,,,Ab E,,,,,
,,C,,,,C,,,,,
,,Db,,,,G E C,,,,,
,,D,,x x 0 3 4 3,x x 0 1 3 2,G E F Bb C,,,,,
Eb Minor,Ebm,Eb,m,,,A E D G,,,,,
,,E,,0 x 4 3 4 2,0 x 3 2 4 1,Ab C# E,,,,,
,,F,,,,Ab C# E D,,,,,
,,Gb,,,,C# Ab E F#,,,,,
,,G,,,,F C#,,,,,
,,Ab,,,,C# E A,,,,,
,,A,,x 0 4 3 4 2,x 0 3 2 4 1,E A C,,,,,
,,Bb,,,,A E D,,,,,
,,B,,,,C# Ab F E,,,,,
,,C,,,,C# C Ab F,,,,,
,,Db,,,,C# Ab E F# C,,,,,
,,D,,x x 0 3 4 2,x x 0 2 3 1,C F E,,,,,
Eb Diminished,Ebdim,Eb,dim,,,D Bb A F,,,,,
Eb Augmented,Ebaug,Eb,aug,,,B A E G ,,,,,
Eb Maj7,Ebmaj7,Eb,maj7,,,A E C G D,,,,,
,,E,,0 1 1 3 3 3,0 1 1 3 3 3,Ab E,,,,,
,,F,,,,D G E Ab,,,,,
,,Gb,,,,G,,,,,
,,G,,,,C B G F,,,,,
,,Ab,,,,E,,,,,
,,A,,x 0 1 3 3 3,x 0 1 3 3 3,E,,,,,
,,Bb,,,,D C A G E,,,,,
,,B,,,,D,,,,,
,,C,,,,G Ab,,,,,
,,Db,,,,C G,,,,,
,,D,,,,E F G,,,,,
Eb Dominant 7th,Eb7,Eb,7,,,A B D E G,,,,,
,,E,,0 1 1 3 2 3,0 1 1 3 2 4,Ab E,,,,,
,,F,,,,D G E,,,,,
,,Gb,,,,G E,,,,,
,,G,,,,D B G,,,,,
,,Ab,,,,B E,,,,,
,,A,,x 0 1 3 2 3,x 0 1 3 2 4,E,,,,,
,,Bb,,,,D B A G E,,,,,
,,B,,,,Ab E,,,,,
,,C,,,,A G,,,,,
,,Db,,,,B G E,,,,,
,,D,,,,G,,,,,
Eb Minor 7th,Ebm7,Eb,m7,,,A E D B,,,,,
,,E,,0 6 8 6 7 6,0 1 3 1 2 1,A Ab E,,,,,
,,F,,,,E D,,,,,
,,Gb,,,,D F#,,,,,
,,G,,,,F,,,,,
,,Ab,,,,A B E,,,,,
,,A,,x 0 11 11 11 11,x 0 1 1 1 1,E Ab,,,,,
,,Bb,,,,D B A E,,,,,
,,B,,,,A E,,,,,
,,C,,,,A,,,,,
,,Db,,,,B A F# E,,,,,
,,D,,,,B F,,,,,
Eb Half-Diminshed,Ebm7b5,Eb,m7b5,,,D A B F,,,,,
Eb Add 9,Ebadd9,Eb,add9,,,E C A,,,,,
Eb Sus 2,Ebsus2,Eb,sus2,,,A D,,,,,
Eb Add 4,Ebadd4,Eb,add4,,,A E G,,,,,
Eb Sus4,Ebsus4,Eb,sus4,,,A E D,,,,,
Eb 5 (Power Chord),Eb5,Eb,5,,,A E D,,,,,
Eb 6,Eb6,Eb,6,,,A E B F D G,,,,,
Eb Minor add 9,Ebmadd9,Eb,madd9,,,E,,,,,
Eb Minor add 4,Ebmadd4,Eb,madd4,,,A E,,,,,
Eb Minor 6,Ebm6,Eb,m6,,,D B F E,,,,,
Eb Major 9,Ebmaj9,Eb,maj9,,,Bb E,,,,,
Eb Major 11,Ebmaj11,Eb,maj11,,,A E,,,,,
Eb Major 13,Ebmaj13,Eb,maj13,,,E,,,,,
Eb Major #11,Ebmaj#11,Eb,maj#11,,,A E,,,,,
Eb Minor 9,"Ebm9, Ebm7/9",Eb,"m9, m7/9",x 6 4 6 6 x,,B E,,,,,
Eb Minor 11,Ebm11,Eb,m11,,,B A E F# ,,,,,
Eb Minor 13,Ebm13,Eb,m13,,,A E,,,,,
Eb Minor flat 9,Ebm7(b9),Eb,m7(b9),,,E F#,,,,,
Eb Minor flat 13,Ebm(b13),Eb,m(b13),,,A E,,,,,
Eb Minor sharp 11,Ebm(#11),Eb,m(#11),,,A E,,,,,
Eb Minor Major 7th,Ebm(maj7),Eb,m(maj7),,,A D C F E ,,,,,
Eb Dominant 7/9,"Eb9, Eb7/9",Eb,"9, 7/9",x x 1 0 2 1,x x 1 0 3 2,Bb E F,,,,,
Eb Dominant 7sus2,Eb7sus2,Eb,7sus2,,,A D,,,,,
Eb Dominant 7/11,Eb7sus4,Eb,7sus4,,,A D B E,,,,,
Eb Dominant 11th,Eb11,Eb,11,,,B A,,,,,
Eb Dominant 7/13,Eb13,Eb,13,,,A E Bb,,,,,
Eb Dominant 7/9b,Eb7b9,Eb,7b9,x x 1 0 2 0,x x 1 0 2 0,Bb E,,,,,
Eb Dominant 7/11#,Eb(#11),Eb,#11,,,A E,,,,,
Eb Dominant 7/b5,Eb7b5,Eb,7b5,,,A D F E,,,,,
Eb Augmented 7,Ebaug7,Eb,aug7,,,A D E,,,,,
Eb add6 add9,Eb6/9,Eb,6/9,x x 1 0 1 1 ,x x 1 0 2 3 ,Bb F G,,,,,
Eb Minor add6 add9,Ebm6/9,Eb,m6/9,,,B E,,,,,
Eb Major 7 13/9,Ebmaj13/9,Eb,maj13/9,,,A E F,,,,,
Eb Dominant 7 13/9,Eb13/9,Eb,13/9,,,A E G Bb,,,,,
Eb Dominant 7 13/b9,Eb13/b9,Eb,13/b9,,,E G,,,,,
Eb Dominant 7#9,Eb7#9,Eb,7#9,x x 1 0 2 2,x x 1 0 2 3,Bb,,,,,
,,,,,,,,,,,
E Major,E,E,M,0 2 2 1 0 0,0 2 3 1 0 0,A C D,,,,,
,,F,,1 2 2 1 0 0,1 3 4 2 0 0,Ab C#,,,,,
,,,,1 x 2 1 0 x,1 x 3 2 0 x,,,,,,
,,F#,,2 2 2 1 0 0,2 3 4 1 0 0,G C D,,,,,
,,,,2 x 2 1 0 0,2 x 3 1 0 0,,,,,,
,,,,2 x 2 1 0 0,2 x 3 1 0 0,,,,,,
,,G,,3 2 2 1 0 0,4 2 3 1 0 0,G Eb,,,,,
,,G#,,4 2 2 1 0 0,4 2 3 1 0 0,,,,,,
,,A,,x 0 2 1 0 0,x 0 2 1 0 0,A C G,,,,,
,,A#,,x 1 2 1 0 0,x 1 3 2 0 0,A,,,,,
,,B,,x 2 2 1 0 0,x 2 3 1 0 0,A G,,,,,
,,C,,x 3 2 1 0 0,x 3 2 1 0 0,Ab,,,,,
,,C#,,x 4 2 1 0 0,x 4 2 1 0 0,C,,,,,
,,D,,x x 0 1 0 0,x x 0 1 0 0,C G,,,,,
,,D#,,x x 1 1 0 0,x x 1 2 0 0,G E F Bb C,,,,,
E Minor,Em,E,m,0 2 2 0 0 0,0 2 3 0 0 0,A D G,,1,,,
,,,,x x 2 0 0 0,x x 2 0 0 0,,,2,,,
,,F,,1 2 2 0 0 0,1 2 3 0 0 0,Ab C#,,,,,
,,F#,,2 2 2 0 0 0,1 2 3 0 0 0,Ab C# D,,,,,
,,G,,3 2 2 0 0 0,3 1 2 0 0 0,C# Ab F#,,,,,
,,G#,,4 2 2 0 x x,4 1 2 0 x x,F C#,,,,,
,,A,,x 0 2 0 0 0,x 0 2 0 0 0,C# A,,,,,
,,A#,,x 1 2 0 0 0,x 1 2 0 0 0,E A C,,,,,
,,B,,x 2 2 0 0 0,x 2 3 0 0 0,A D,,,,,
,,C,,x 3 2 0 0 0,x 3 2 0 0 0,C# Ab F,,,,,
,,C#,,x 4 2 0 0 0,x 3 1 0 0 0,C# C Ab F,,,,,
,,D,,x x 0 0 0 0,x x 0 0 0 0,C# Ab F# C,,,,,
,,D#,,x x 1 0 0 0,x x 1 0 0 0,C F,,,,,
E Diminished,Edim,E,dim,0 1 2 3 2 0,0 1 2 4 3 0,D Bb A F,,,,,
,,,,0 1 2 0 2 0,0 1 2 0 3 0,,,,,,
E Augmented,Eaug,E,aug,0 3 2 1 1 0,0 4 3 1 2 0,B A G ,,,,,
,,,,x x 2 1 1 0,x x 3 1 2 0,,,,,,
E Maj7,Emaj7,E,maj7,0 2 1 1 0 0,0 3 1 2 0 0,A C D F G,,2,,,
,,,,0 x 1 1 0 0,0 x 1 2 0 0,,,1,0 x 1 1 0 x,1 x 3 4 1 x,
,,F,,1 2 1 1 0 0,1 4 2 3 0 0,Ab,,,1 x 1 1 0 0,2 x 3 4 1 1,
,,F#,,2 2 1 1 0 0,3 4 1 2 0 0,D G Ab,,,,,
,,,,2 x 1 1 0 0,3 x 1 2 0 0,,,,,,
,,G,,3 2 1 1 0 0,4 3 1 2 0 0,G,,,,,
,,G#,,,,C B G F,,,,,
,,A,,x 0 1 1 0 0,x 0 1 2 0 0,,,,,,
,,A#,,x 1 1 1 0 0,x 1 2 3 0 0,,,,,,
,,B,,x 2 1 1 0 0,x 3 1 2 0 0,D C A G,,,,,
,,C,,x 3 1 1 0 0,x 4 1 2 0 0,D,,,,,
,,C#,,,,G Ab,,,,,
,,D,,,,C G,,,,,
,,D#,,x x 1 1 0 0 ,x x 1 2 0 0 ,F G,,,,,
E Dominant 7th,E7,E,7,0 2 2 1 3 0,0 2 3 1 4 0,B A D G ,,,,,
,,,,0 2 0 1 3 0,0 2 0 1 4 0,,,2,,,
,,,,0 2 0 1 0 0,0 2 0 1 0 0,,,1,,,
,,,,0 2 2 4 3 4,0 1 1 3 2 4,,,,,,
,,F,,1 2 0 1 0 0,1 3 0 2 0 0,Ab,,2,,,
,,,,1 x 0 1 0 0,1 x 0 2 0 0,,,1,,,
,,,,1 2 0 1 3 0,1 3 0 2 4 0,,,,,,
,,,,1 2 x 1 3 0,1 3 x 2 4 0,,,,,,
,,F#,,2 2 0 1 0 0,2 3 0 1 0 0,D G,,,,,
,,,,2 2 0 1 3 0,2 3 0 1 4 0,,,,,,
,,,,2 x 0 1 3 0,2 x 0 1 4 0,,,,,3 x 1 2 4 1,
,,G,,3 2 0 1 0 0,3 2 0 1 0 0,G,,,,,
,,,,3 2 0 1 3 0,3 2 0 1 4 0,,,,,,
,,G#,,4 2 0 1 0 0,4 2 0 1 0 0,D B G,,,,,
,,A,,x 0 2 1 3 0,x 0 2 1 4 0,B,,,,x 1 3 2 4 1,
,,,,x 0 0 1 3 0,x 0 0 1 3 0,,,,,,
,,,,x 0 0 1 0 0,x 0 0 1 0 0,,,,,,
,,A#,,x 1 0 1 0 0,x 1 0 2 0 0,,,,,,
,,B,,x 2 0 1 3 0,x 2 0 1 4 0,D B A G,,,,x 3 1 2 4 1,
,,,,x 2 0 1 0 0,x 2 0 1 0 0,,,,,,
,,,,x 2 2 1 3 0,x 2 3 1 4 0,,,,,,
,,C,,x 3 0 1 0 0,x 3 0 1 0 0,Ab,,,,,
,,C#,,,,A G,,,,,
,,D,,x x 0 1 0 0,x x 0 1 0 0,B G,,,,,
,,D#,,,,G,,,,,
E Minor 7th,Em7,E,m7,0 2 2 0 3 0,0 2 3 0 4 0,A B D,,3,,,
,,,,0 2 0 0 3 0,0 2 0 0 4 0,,,1,,1 3 1 1 4 1,
,,,,0 2 0 0 0 0 ,0 2 0 0 0 0 ,,,2,,,
,,F,,1 2 0 0 0 0,1 2 0 0 0 0,A Ab,,,,,
,,,,1 2 0 0 3 0,1 2 0 0 4 0,,,,,2 3 1 1 4 1,
,,F#,,2 2 0 0 0 0,1 2 0 0 0 0,D,,,,,
,,,,2 2 0 0 3 0,1 2 0 0 4 0,,,,,2 3 1 1 4 1,
,,G,,3 2 2 0 3 0,3 1 2 0 4 0,D F#,,,,,
,,,,3 2 0 0 0 0,1 2 0 0 0 0,,,,,,
,,,,3 2 0 0 3 0,1 2 0 0 4 0,,,,,3 2 1 1 4 1,
,,G#,,4 2 0 0 0 0,3 1 0 0 0 0,F,,,,,
,,A,,x 0 0 0 3 0 ,x 0 0 0 3 0 ,A B,,,,,
,,,,x 0 0 0 0 0,x 0 0 0 0 0,,,,,,
,,A#,,x 1 0 0 0 0,x 1 0 0 0 0,E Ab,,2,,,
,,,,x 1 2 0 3 0,x 1 2 0 3 0,,,1,,,
,,B,,x 2 0 0 0 0,x 2 0 0 0 0,D B A,,,,,
,,,,x 2 0 0 3 0,x 2 0 0 4 0,,,,,x 3 1 1 4 1,
,,C,,x 3 0 0 0 0,x 3 0 0 0 0,A,,,,,
,,C#,,x 4 0 0 0 0,x 3 0 0 0 0,A,,,,,
,,D,,x x 0 0 0 0,x x 0 0 0 0,B A F#,,,,,
,,,,x 5 0 0 0 0,x 3 0 0 0 0,,,,,,
,,D#,,x 6 0 0 0 0,x 3 0 0 0 0,B F,,,,,
E Half-Diminshed,Em7b5,E,m7b5,,,D A F B,,,,,
E Add 9,Eadd9,E,add9,0 2 2 1 0 2,0 2 3 1 0 4,C A,,,x x 2 1 0 2,x x 2 1 0 3,
,,,,0 2 x 1 0 2,0 2 x 1 0 3,,,,,,
,,,,0 2 4 1 0 0,0 2 4 1 0 0,,,,,,
E Sus 2,Esus2,E,sus2,0 2 2 4 5 2,0 1 1 3 4 1,A D,,,,,
E Add 4,Eadd4,E,add4,0 0 2 1 0 0 ,0 0 2 1 0 0,A G,,,,,
E Sus4,Esus4,E,sus4,0 2 2 2 0 0,0 2 3 4 0 0,A D,,,,1 2 3 1 1 1,
E 5 (Power Chord),E5,E,5,0 2 2 x x x,0 2 3 x x x,A D,,,,,
E 6,E6,E,6,0 2 2 1 2 0,0 2 3 1 4 0,A B F D G,,,,,
,,,,0 x 2 1 2 0,0 x 2 1 3 0,,,,,,
E Minor add 9,Emadd9,E,madd9,0 2 2 0 0 2,0 2 3 0 0 4,,,,,,
,,,,0 2 4 0 0 0,0 1 3 0 0 0,,,,,,
E Minor add 4,Emadd4,E,madd4,0 0 2 0 0 0,0 0 2 0 0 0,A,,,,,
E Minor 6,Em6,E,m6,0 2 2 0 2 0,0 2 3 0 4 0,D B F,,,,,
,,G,m6,3 2 2 0 2 0,4 1 2 0 3 0,D B F,,,,,
E Major 9,Emaj9,E,maj9,0 2 1 1 0 2,0 3 1 2 0 4,Bb,,,,,
,,,,0 x 1 1 0 2,0 x 1 2 0 3,,,,,,
E Major 11,Emaj11,E,maj11,0 0 1 1 0 0 ,0 0 1 2 0 0,A E,,,,,
E Major 13,Emaj13,E,maj13,0 x 1 1 2 0 ,0 x 1 2 3 0,,,,,,
E Major #11,Emaj#11,E,maj#11,0 2 1 3 0 0,0 2 1 4 0 0 ,A,,,,1 3 2 4 1 1,
E Minor 7th 9,Em7/9,E,,0 4 4 0 3 2,0 1 2 0 4 3,B,,,,,
E Minor 9,Em9,E,,0 2 0 0 0 2,0 1 2 0 4 3,B,,,,,
,,,,0 2 0 0 3 2,0 1 0 0 4 3,,,2,,,
,,,,0 2 0 0 0 2,0 2 0 0 0 3,,,1,,,
E Minor 11,Em11,E,m11,0 0 2 0 0 0,0 0 2 0 0 0,B A F# ,,,,,
E Minor 13,Em13,E,m13,0 2 0 0 2 0,0 2 0 0 3 0,A,,,,,
,,,,0 2 0 0 2 3,0 2 0 0 3 4,,,,,1 2 1 1 3 4,
E Minor 7 flat 9,Em7(b9),E,m7(b9),0 2 3 0 3 0,0 1 2 0 3 0,F#,,,,,
,,,,0 2 0 0 0 1,0 2 0 0 0 1,,,,,,
E Major flat 13,E(b13),E,(b13),x 7 9 7 9 8,0 2 0 0 1 0,A,,,,,
E Minor flat 13,Em(b13),E,m(b13),0 2 0 0 1 0,0 2 0 0 1 0,A,,,,,
E Minor sharp 11,Em(#11),E,m(#11),0 2 2 3 3 0,0 1 2 3 4 0,A,,,,,
,,,,0 2 0 3 3 0,0 1 0 2 3 0,,,,,,
E Minor Major 7th,Em(maj7),E,m(maj7),0 2 1 0 0 0,0 2 1 0 0 0,A D C F,,,,,
E Minor Major 9th,Em(maj9),E,m(maj9),0 10 9 8 7 0,0 4 3 2 1 0,,,,,,James Bond Chord
E Dominant 7/9,"E9, E7/9",E,"9, 7/9",0 2 0 1 3 2,0 2 0 1 4 3,Bb Eb F,,,,,
,,,,0 2 0 1 0 2,0 2 0 1 0 3,,,,,,
E Dominant 7sus2,E7sus2,E,7sus2,0 2 4 4 3 0,0 1 3 4 2 0,A D,,,,,
E Dominant 7/11,E7sus4,E,7sus4,0 2 0 2 0 0,0 2 0 3 0 0,A D B,,,,,
,,,,0 2 0 2 3 0,0 2 0 3 4 0,,,,,1 2 1 3 4 1,
E Dominant 11th,E11,E,11,0 2 0 2 0 4,0 1 0 2 0 4,B A,,,,,
E Dominant 7/13,E13,E,13,0 2 0 1 2 0,0 2 0 1 3 0,A Bb,,,,,
E Dominant 7/9b,E7b9,E,7b9,0 2 0 1 0 1,0 3 0 1 0 2,Bb Eb,,,,,
E Dominant 7/11#,E(#11),E,#11,0 1 0 1 0 0 ,0 1 0 2 0 0,A,,,,,
E Dominant 7/b5,E7b5,E,7b5,0 1 0 1 x 0,0 1 0 2 x 0,A D F,,,,,
E Augmented 7,Eaug7,E,aug7,0 3 2 1 3 0,0 3 2 1 4 0 ,A D,,,,,
,,,,0 x 0 1 1 0,0 x 0 1 2 0,,,,,,
E add6 add9,E6/9,E,6/9,0 x 2 1 2 2,0 x 2 1 3 4 ,Bb Eb F G,,,,,
E Minor add6 add9,Em6/9,E,m6/9,0 2 2 0 2 2,0 1 2 0 3 4,B,,,,,
E Minor sharp fifth,Em#5,E,#5,0 2 2 0 1 0,0 2 3 0 1 0,,,,,,
E Minor flat sixth,Emb6,E,b6,0 2 2 0 1 0,0 2 3 0 1 0,,,,,,
E Major 7 13/9,Emaj13/9,E,maj13/9,0 x 1 1 2 2,0 x 1 1 3 3 ,A F,,,,1 x 2 3 4 4,
E Dominant 7 13/9,E13/9,E,13/9,0 2 0 1 2 2,0 2 0 1 3 4,A G Bb,,,,,
,,,,0 x 0 1 2 2 ,0 x 0 1 2 3,,,,,,
E Dominant 7 13/b9,E13/b9,E,13/b9,0 x 0 1 2 1,0 x 0 1 3 2,G,,,,,
E Dominant 7#9,E7#9,E,7#9,0 2 0 1 3 3,0 2 0 1 3 4,Bb Eb,,,,,
,,,,,,,,,,,
F Major,F,F,M,,,E A C D,,,,,
,,Gb,,,,Ab C# E,,,,,
,,G,,,,G E C D,,,,,
,,Ab,,,,G,,,,,
,,A,,x 0 3 2 1 x,x 0 3 2 1 x,G C,,,,,
,,,,x 0 3 2 1 1,x 0 3 2 1 1,,,,,,
,,,,x 0 3 5 6 5,x 0 1 3 4 2,,,,,,
,,Bb,,,,E G A C,,,,,
,,B,,,,E A,,,,,
,,C,,,,E G A,,,,,
,,Db,,,,E Ab,,,,,
,,D,,x x 0 2 1 1,x x 0 3 1 2,C,,,,,
,,Eb,,,,E G C,,,,,
,,E,,0 x 3 2 1 x,0 x 3 2 1 x,G E Bb C,,,,,
,,,,0 3 3 2 1 1,0 3 4 2 1 1,,,,,,
F Minor,Fm,F,m,,,E A D G,,,,,
,,Gb,,,,E Ab C#,,,,,
,,G,,,,Ab E C# D,,,,,
,,Ab,,,,C# Ab E F#,,,,,
,,A,,x 0 x 1 1 1,x 0 x 1 2 3,C#,,,,x 1 x 3 3 3,
,,Bb,,,,C# E A,,,,,
,,B,,,,E A C,,,,,
,,C,,,,E A D,,,,,
,,Db,,x 4 3 3 1 1,,C# Ab E F#,,,,,
,,D,,x x 0 1 1 1,x x 0 1 1 1,C# C Ab,,,,x x 1 3 3 3,
,,Eb,,,,E C# Ab F# C,,,,,
,,E,,0 x x 1 1 1,0 x x 1 2 3,C E,,,,,
F Diminished,Fdim,F,dim,1 x 0 1 0 x,1 x 0 2 0 x,D Bb A,,,,,
,,,,1 x 0 1 0 1,1 x 0 2 0 3,,,,,,
F Augmented,Faug,F,aug,,,E B A G,,,,,
F Maj7,Fmaj7,F,maj7,x x 3 2 1 0,x x 3 2 1 0,E A C D G,,,,,
,,,,1 x 2 2 1 0,1 x 3 4 2 0,,,,,,
,,Gb,,2 x 3 2 1 0,2 x 4 3 1 0,E Ab,,,,,
,,G,,3 x 3 2 1 0,3 x 4 2 1 0,E D G Ab,,,,,
,,Ab,,4 x 3 2 1 0,4 x 3 2 1 0,G,,,,,
,,A,,x 0 3 2 1 0,x 0 3 2 1 0,C B G,,,,,
,,,,x 0 2 2 1 1,x 0 3 2 1 1,,,,,,
,,Bb,,x 1 3 2 1 0,x 1 4 3 2 0,E,,,,,
,,B,,x 2 3 2 1 0,x 2 4 3 1 0,E,,,,,
,,C,,x 3 3 2 1 0,x 3 4 2 1 0,E D C A G,,,,,
,,Db,,x 4 3 2 1 0,x 4 3 2 1 0,D,,,,,
,,D,,,,G Ab,,,,,
,,Eb,,,,C G,,,,,
,,E,,0 3 3 2 1 0,0 3 4 2 1 0,E G,,,,,
,,,,0 x 3 2 1 0,0 x 3 2 1 0,,,,,,
F Dominant 7th,F7,F,7,,,E A B D G,,,,,
,,Gb,,,,E Ab,,,,,
,,G,,,,E D G,,,,,
,,Ab,,,,E G,,,,,
,,A,,x 0 3 2 4 1,x 0 3 2 4 1,D B G,,,,,
,,,,x 0 1 2 1 1,x 0 1 2 1 1,,,,,,
,,Bb,,,,E B,,,,,
,,B,,,,E,,,,,
,,C,,,,E D B A G,,,,,
,,Db,,,,E Ab,,,,,
,,D,,,,A G,,,,,
,,Eb,,,,E B G,,,,,
,,E,,0 3 3 2 4 x,0 2 3 1 4 x,G,,,,,
F Minor 7th,Fm7,F,m7,,,E A B D,,,,,
,,Gb,,,,E A Ab,,,,,
,,G,,,,E D,,,,,
,,Ab,,,,D F#,,,,,
,,A,,x 0 1 1 1 1,x 0 1 1 1 1,,,,,,
,,Bb,,,,E A B,,,,,
,,B,,,,E Ab,,,,,
,,C,,,,E D B A,,,,,
,,Db,,,,E A,,,,,
,,D,,x x 0 1 4 1,x x 0 1 4 1,A,,,,,
,,Eb,,,,E B A F#,,,,,
,,E,,0 3 1 1 1 1,0 3 1 1 1 1,B,,,,,
,,,,0 x 1 1 1 1,0 x 1 1 1 1,,,,,,
F Half-Diminshed,Fm7b5,F,m7b5,1 x 1 1 0 x,2 x 3 4 0 x,D A B ,,,,2 x 3 4 1 x,
F Add 9,Fadd9,F,add9,,,E C A,,,,,
F Sus 2,Fsus2,F,sus2,x x 1 0 1 1,x x 3 0 1 1,A D,,,,,
F Add 4,Fadd4,F,add4,,,,,,,,
F Sus4,Fsus4,F,sus4,,,E A D,,,,,
F 5 (Power Chord),F5,F,5,,,E A D,,,,,
F 6,F6,F,6,1 x 0 2 1 x,1 x 0 3 2 x,E A B D G,,,,,
F Minor add 9,Fmadd9,F,madd9,,,E,,,,,
F Minor add 4,Fmadd4,F,madd4,,,E A,,,,,
F Minor 6,Fm6,F,m6,1 x 0 1 1 x,1 x 0 2 3 x,E B D,,,,,
,,Ab,,4 x 3 5 3 x,2 x 1 4 1 x,E,,,,,
F Major 9,Fmaj9,F,maj9,,,E Bb,,,,,
F Major 11,Fmaj11,F,maj11,,,E A,,,,,
F Major 13,Fmaj13,F,maj13,1 0 0 2 1 0 ,1 0 0 3 2 0,E,,,,,
F Major #11,Fmaj#11,F,maj#11,,,E A,,,,,
F Minor 9,"Fm9, Fm7/9",F,"m9, m7/9",,,E B,,,,,
F Minor 11,Fm11,F,m11,,,E B A F# ,,,,,
F Minor 13,Fm13,F,m13,,,E A,,,,,
F Minor flat 9,Fm7(b9),F,m7(b9),,,E F#,,,,,
F Minor flat 13,Fm(b13),F,m(b13),,,E A,,,,,
F Minor sharp 11,Fm(#11),F,m(#11),,,E A,,,,,
F Minor Major 7th,Fm(maj7),F,m(maj7),1 x x 1 1 0,2 x x 3 4 0,E A D C,,,,2 x x 3 4 1,
F Dominant 7/9,"F9, F7/9",F,"9, 7/9",1 0 1 0 1 x,1 0 2 0 3 x,E Bb Eb,,,,,
F Dominant 7sus2,F7sus2,F,7sus2,,,A D,,,,,
F Dominant 7/11,F7sus4,F,7sus4,,,E A D B,,,,,
F Dominant 11th,F11,F,11,,,B A,,,,,
F Dominant 7/13,F13,F,13,,,E A Bb,,,,,
F Dominant 7/9b,F7b9,F,7b9,,,E Bb Eb,,,,,
F Dominant 7/11#,F(#11),F,#11,,,E A,,,,,
F Dominant 7/b5,F7b5,F,7b5,1 x 1 2 0 x,1 x 2 3 0 x,E A D,,,,,
F Augmented 7,Faug7,F,aug7,,,E A D,,,,,
F add6 add9,F6/9,F,6/9,1 0 0 0 1 x,1 0 0 0 2 x,Bb Eb G,,,,,
,,,,1 0 0 0 1 1,1 0 0 0 2 3,,,,,,
F Minor add6 add9,Fm6/9,F,m6/9,,,E B,,,,,
F Major 7 13/9,Fmaj13/9,F,maj13/9,1 0 0 0 1 0 ,1 0 0 0 2 0,E A,,,,,
F Dominant 7 13/9,F13/9,F,13/9,,,E A G Bb,,,,,
F Dominant 7 13/b9,F13/b9,F,13/b9,,,E G,,,,,
F Dominant 7#9,F7#9,F,7#9,,,Bb Eb,,,,,
,,,,,,,,,,,
F# Major,F#,F#,M,,,E A D C,,,,,
,,G,,,,E Ab C#,,,,,
,,G#,,,,E G C D,,,,,
,,A,,,,G Eb,,,,,
,,A#,,,,G C F,,,,,
,,B,,,,E G A C,,,,,
,,C,,,,E A,,,,,
,,C#,,,,E A G,,,,,
,,D,,,,E Ab,,,,,
,,D#,,,,C D,,,,,
,,E,,,,E G C,,,,,
,,F,,,,F E G Bb C,,,,,
F# Minor,F#m,F#,m,2 4 4 2 2 2,1 3 4 1 1 1,E A D C,,,,,
,,G,,,,E Ab C#,,,,,
,,G#,,,,Ab E C# D,,,,,
,,A,,x 0 4 2 2 2,x 0 3 1 1 1,C# Ab E F#,,,,,
,,,,x 0 x 2 2 2,x 0 x 1 1 1,,,,,x 1 x 3 3 3,
,,A#,,,,F C#,,,,,
,,B,,,,C# E A,,,,,
,,C,,,,E A C,,,,,
,,C#,,,,E A D,,,,,
,,D,,x x 0 2 2 2,x x 0 1 1 1,C# Ab E,,,,x x 1 3 3 3,
,,D#,,,,F C# C Ab,,,,,
,,E,,0 4 4 2 2 2,0 3 4 1 1 1,E C# Ab C,,,,,
,,,,0 x x 2 2 2,0 x x 1 1 1,,,,,1 x x 3 3 3,
,,F,,,,E F C,,,,,
F# Diminished,F#dim,F#,dim,,,D Bb A F,,,,,
F# Augmented,F#aug,F#,aug,,,E A B G,,,,,
F# Maj7,F#maj7,F#,maj7,,,E C A D G,,,,,
,,G,,,,E Ab,,,,,
,,G#,,,,E D G Ab,,,,,
,,A,,x 0 4 3 2 1,x 0 4 3 2 1,G,,,,,
,,A#,,,,F C B G,,,,,
,,B,,,,E,,,,,
,,C,,,,E,,,,,
,,C#,,,,E D C A G,,,,,
,,D,,,,D,,,,,
,,D#,,,,G Ab,,,,,
,,E,,0 x 4 3 2 1,0 x 4 3 2 1,C G,,,,,
,,F,,,,E F G,,,,,
F# Dominant 7th,F#7,F#,7,2 4 2 3 2 2,1 3 1 2 4 1,E B D A G,,,,,
,,G,,,,E Ab,,,,,
,,G#,,,,E D G,,,,,
,,A,,,,E G,,,,,
,,A#,,,,D B G,,,,,
,,B,,,,E B,,,,,
,,C,,,,E,,,,,
,,C#,,x 4 4 3 5 0,x 2 3 1 4 0,E D B A G,,,,,
,,D,,,,E Ab,,,,,
,,D#,,,,A G,,,,,
,,E,,0 4 4 3 2 0,0 3 4 2 1 0,E B G,,,,,
,,F,,,,G,,,,,
F# Minor 7th,F#m7,F#,m7,2 4 2 2 2 2,1 3 1 1 1 1,E A D B,,,,,
,,G,,,,E A Ab,,,,,
,,G#,,,,E D,,,,,
,,A,,x 0 2 2 2 2,x 0 2 2 2 2,D,,,,,
,,A#,,,,F,,,,,
,,B,,,,E A B,,,,,
,,C,,,,,,,,,
,,C#,,,,E D B A,,,,,
,,D,,x x 0 2 5 2,x x 0 1 4 1,E A,,,,,
,,D#,,,,A,,,,,
,,E,,0 0 2 2 2 2,0 0 1 1 1 1,E B A,,,,1 1 3 3 3 3,
,,F,,,,F B,,,,,
F# Half-Diminshed,F#m7b5,F#,m7b5,,,F D A B,,,,,
F# Add 9,F#add9,F#,add9,,,E C A,,,,,
F# Sus 2,F#sus2,F#,sus2,,,A D,,,,,
F# Add 4,F#add4,F#,add4,,,E A G,,,,,
F# Sus4,F#sus4,F#,sus4,,,E A D,,,,,
F# 5 (Power Chord),F#5,F#,5,,,E A D,,,,,
F# 6,F#6,F#,6,,,E A B F D G,,,,,
F# Minor add 9,F#madd9,F#,madd9,,,E,,,,,
F# Minor add 4,F#madd4,F#,madd4,,,E A,,,,,
F# Minor 6,F#m6,F#,m6,,,E F B D,,,,,
F# Major 9,F#maj9,F#,maj9,,,E Bb,,,,,
F# Major 11,F#maj11,F#,maj11,,,E A,,,,,
F# Major 13,F#maj13,F#,maj13,,,E F,,,,,
F# Major #11,F#maj#11,F#,maj#11,,,E A,,,,,
F# Minor 9,"F#m9, F#m7/9",F#,"m9, m7/9",,,E B,,,,,
F# Minor 11,F#m11,F#,m11,2 x 2 2 0 x,1 x 2 3 0 x,E B A,,,,,
,,,,2 0 2 2 0 0,1 0 2 3 0 0,,,,,,
F# Minor 13,F#m13,F#,m13,,,E A,,,,,
F# Minor flat 9,F#m7(b9),F#,m7(b9),2 0 2 0 2 0,1 0 2 0 3 0,E,,,,,
F# Minor flat 13,F#m(b13),F#,m(b13),,,E A,,,,,
F# Minor sharp 11,F#m(#11),F#,m(#11),,,E A,,,,,
F# Minor Major 7th,F#m(maj7),F#,m(maj7),,,E A D C F,,,,,
F# Dominant 7/9,"F#9, F#7/9",F#,"9, 7/9",,,E Bb Eb,,,,,
F# Dominant 7sus2,F#7sus2,F#,7sus2,,,A D,,,,,
F# Dominant 7/11,F#7sus4,F#,7sus4,,,E A D B,,,,,
F# Dominant 11th,F#11,F#,11,2 4 4 3 0 0,1 3 4 2 0 0,B A,,,,,
F# Dominant 7/13,F#13,F#,13,,,E A Bb,,,,,
F# Dominant 7/9b,F#7b9,F#,7b9,,,E Bb Eb,,,,,
F# Dominant 7/11#,F#(#11),F#,#11,,,E A,,,,,
F# Dominant 7/b5,F#7b5,F#,7b5,,,E F A D,,,,,
F# Augmented 7,F#aug7,F#,aug7,,,E A D,,,,,
F# add6 add9,F#6/9,F#,6/9,,,Bb Eb F G,,,,,
F# Minor add6 add9,F#m6/9,F#,m6/9,,,E B,,,,,
F# Major 7 13/9,F#maj13/9,F#,maj13/9,,,E A F,,,,,
F# Dominant 7 13/9,F#13/9,F#,13/9,,,E A G Bb,,,,,
F# Dominant 7 13/b9,F#13/b9,F#,13/b9,,,E G,,,,,
F# Dominant 7#9,F#7#9,F#,7#9,,,Bb Eb,,,,,
,,,,,,,,,,,
G Major,G,G,M,3 2 0 0 3 3,2 1 0 0 3 4,E A C D,,,,,
,,,,3 2 0 0 0 3,2 1 0 0 0 4,,,,,,
,,,,3 2 0 0 0 3,3 2 0 0 0 4,,,,,,
,,Ab,,4 x 0 0 0 3,2 x 0 0 0 1,E Ab C#,,,,,
,,A,,x 0 0 0 0 x,x 0 0 0 0 x,E C D ,,,,,
,,Bb,,x 1 0 0 0 x,x 1 0 0 0 x,Eb,,,,,
,,B,,x 2 0 0 3 3,x 1 0 0 3 4,C F,,2,,,
,,,,x 2 0 0 0 3,x 1 0 0 0 3,,,3,,x 2 1 1 3 4,
,,,,x 2 0 0 0 x,x 2 0 0 0 x,,,1,,,
,,C,,x 3 0 0 0 x,x 3 0 0 0 x,E A C,,,,,
,,C#,,x 4 0 0 0 3,x 2 0 0 0 1,E A,,,,,
,,D,,x x 0 0 0 3,x x 0 0 0 3,E A,,,,,
,,,,x x 0 0 3 3,x x 0 0 2 3,,,,,,
,,Eb,,,,E Ab,,,,,
,,E,,,,C D,,,,,
,,,,0 5 5 4 3 3,0 3 4 2 1 1,,,,,,
,,F,,1 x 0 0 0 x,1 x 0 0 0 x,E C,,,,,
,,F#,,2 2 0 0 3 3,1 2 0 0 3 4,E F Bb C,,,,,
,,,,2 2 0 0 0 3,1 2 0 0 0 4,,,,,,
,,,,2 x 0 0 0 3,1 x 0 0 0 4,,,,,,
,,,,2 x 0 0 0 x,2 x 0 0 0 x,,,,,,
G Minor,Gm,G,m,,,E A D,,,,,
,,,,3 1 0 0 x x,3 1 0 0 x x,,,,,,
,,Ab,,,,E Ab C#,,,,,
,,A,,x 0 0 3 3 3,x 0 0 1 2 3,Ab E C# D,,,,,
,,Bb,,,,C# Ab E F#,,,,,
,,B,,,,F C#,,,,,
,,C,,,,C# E A,,,,,
,,C#,,,,E A C,,,,,
,,D,,x x 0 3 3 3,x x 0 1 2 3,E A D,,,,,
,,Eb,,,,C# Ab F# E,,,,,
,,E,,0 5 5 3 3 3,0 3 4 1 1 1,F C# C Ab,,,,,
,,F,,,,E C# F# C Ab,,,,,
,,F#,,,,E F C,,,,,
G Diminished,Gdim,G,dim,,,D F Bb A,,,,,
G Augmented,Gaug,G,aug,3 2 1 0 0 x ,3 2 1 0 0 x,E B A,,,,,
G Maj7,Gmaj7,G,maj7,x x 0 0 0 2,x x 0 0 0 3,E A D C ,,,,,
,,,,3 2 0 0 0 1,3 2 0 0 0 1,,,,,,
,,,,3 x 0 0 0 1,3 x 0 0 0 1,,,,,,
,,,,3 x 4 0 3 2,2 x 4 0 3 1,,,,,,
,,Ab,,4 x 0 0 0 2,3 x 0 0 0 1,E Ab,,,,,
,,A,,x 0 0 0 0 2,x 0 0 0 0 3,E D Ab,,,,,
,,Bb,,x 1 0 0 0 2,x 1 0 0 0 3,,,,,,
,,B,,x 2 0 0 0 2,x 2 0 0 0 3,F C B,,,,,
,,C,,x 3 0 0 0 2,x 2 0 0 0 1,E,,,,,
,,C#,,x 4 0 0 0 2,x 3 0 0 0 1,E,,,,,
,,D,,x x 0 0 0 1,x x 0 0 0 2,E D C A,,,,,
,,Eb,,,,D,,,,,
,,E,,0 2 0 0 0 2,0 1 0 0 0 2,Ab,,,,,
,,F,,1 2 0 0 0 2,1 2 0 0 0 3,C,,,,,
,,F#,,2 2 0 0 0 2,1 2 0 0 0 3,E F,,,,,
G Dominant 7th,G7,G,7,3 2 0 0 0 1,3 2 0 0 0 1,E D A B ,,,,,
,,,,3 2 3 0 0 1,3 2 4 0 0 1,,,,,,
,,Ab,,,,E Ab,,,,,
,,A,,x 0 0 0 0 1,x 0 0 0 0 1,E D,,,,,
,,Bb,,x 1 0 0 0 1,x 1 0 0 0 2,E,,,,,
,,B,,x 2 0 0 0 1,x 2 0 0 0 1,D B,,,,,
,,,,x 2 0 0 3 1,x 2 0 0 4 1,,,,,,
,,,,x 2 3 0 3 1,x 2 3 0 4 1,,,,,,
,,,,x 2 3 0 3 3,x 1 2 0 3 4,,,,,,
,,,,x 2 3 0 3 x,x 1 2 0 3 x,,,,,,
,,C,,x 3 0 0 0 1,x 3 0 0 0 1,E B,,,,,
,,C#,,,,E,,,,,
,,D,,x x 0 0 0 1,x x 0 0 0 1,E D B A,,,,,
,,Eb,,,,E Ab,,,,,
,,E,,0 2 0 0 0 1,0 2 0 0 0 1,A,,,,,
,,,,0 x 0 0 0 1,0 x 0 0 0 1,,,,,,
,,F,,1 x 0 0 0 1,1 x 0 0 0 2,E B,,,,,
,,F#,,2 x 0 0 0 1,2 x 0 0 0 1,,,,,,
G Minor 7th,Gm7,G,m7,3 x 0 3 3 1,2 x 0 3 4 1,E A D B,,,,,
,,Ab,,,,E A Ab,,,,,
,,A,,x 0 3 3 3 3,x 0 1 1 1 1,E D,,,,,
,,Bb,,,,F# B,,,,,
,,B,,,,F,,,,,
,,C,,,,E A B,,,,,
,,C#,,,,E Ab,,,,,
,,D,,x x 0 3 6 3,x x 0 1 4 1,E D B A,,,,,
,,Eb,,,,E A,,,,,
,,E,,0 5 3 3 3 3,0 3 1 1 1 1,A,,,,,
,,F,,,,F# E B A,,,,,
,,F#,,,,F B,,,,,
G Half-Diminshed,Gm7b5,G,m7b5,,,F D A B ,,,,,
G Add 9,Gadd9,G,add9,3 2 0 2 0 3,3 1 0 2 0 4,E C A,,,,,
G Sus 2,Gsus2,G,sus2,3 0 0 2 3 3,2 0 0 1 3 4,A D,,,,,
G Add 4,Gadd4,G,add4,3 3 0 0 0 3,1 2 0 0 0 3,E A ,,,,,
,,,,3 2 0 0 1 3,3 2 0 0 1 4,,,,,,
,,,,3 2 0 0 1 x,3 2 0 0 1 x,,,,,,
G Sus4,Gsus4,G,sus4,3 3 0 0 1 3,2 3 0 0 1 3,E A D,,,,,
,,,,3 3 0 0 3 3,1 2 0 0 3 4,,,,,,
G 5 (Power Chord),G5,G,5,,,E A D,,,,,
G 6,G6,G,6,3 2 0 0 0 0,3 2 0 0 0 0,E A B F D,,,,,
G Minor add 9,Gmadd9,G,madd9,3 1 0 2 3 x,3 1 0 2 4 x,E,,,,,
G Minor add 4,Gmadd4,G,madd4,,,E A,,,,,
G Minor 6,Gm6,G,m6,,,E F B D,,,,,
G Major 9,Gmaj9,G,maj9,3 2 0 2 0 2,4 1 0 2 0 3,E Bb,,,,,
G Major 11,Gmaj11,G,maj11,3 3 0 0 0 2,2 3 0 0 0 1,E A,,,,,
G Major 13,Gmaj13,G,maj13,3 x 4 0 0 0,1 x 3 0 0 0,E F,,,,,
G Major #11,Gmaj#11,G,maj#11,3 2 0 0 2 2,4 1 0 0 2 2,E A,,,,,
,,,,,,,,,,,
G Minor 9,"Gm9, Gm7/9",G,"m9, m7/9",3 1 0 2 3 x ,3 1 0 2 4 x,E B,,,,,
G Minor 11,Gm11,G,m11,3 1 0 0 1 x,4 1 0 0 2 x,E F# B A ,,,,,
G Minor 13,Gm13,G,m13,3 1 0 0 3 0,3 1 0 0 4 0,E A,,,,,
G Minor flat 9,Gm7(b9),G,m7(b9),,,E F#,,,,,
G Minor flat 13,Gm(b13),G,m(b13),,,E A,,,,,
G Minor sharp 11,Gm(#11),G,m(#11),3 1 0 0 2 3,3 1 0 0 2 4,E A,,,,,
G Minor Major 7th,Gm(maj7),G,m(maj7),,,E A D C F,,,,,
G Dominant 7/9,"G9, G7/9",G,"9, 7/9",,,E Bb Eb F,,,,,
G Dominant 7sus2,G7sus2,G,7sus2,3 0 3 0 3 3,1 0 2 0 3 4,A D,,,,,
G Dominant 7/11,G7sus4,G,7sus4,3 x 3 0 1 3,2 x 3 0 1 4,E A D B,,,,,
,,,,3 x 0 0 1 1,3 x 0 0 1 1,,,,,,
G Dominant 11th,G11,G,11,3 2 3 0 1 x,3 2 4 0 1 x,B A,,,,,
G Dominant 7/13,G13,G,13,3 2 2 0 0 1,4 2 3 0 0 1,E A Bb,,,,,
G Dominant 7/9b,G7b9,G,7b9,3 2 3 1 0 x,3 2 4 1 0 x,E Bb Eb,,,,,
G Dominant 7/11#,G(#11),G,#11,3 2 0 0 2 1,4 2 0 0 3 1,E A,,,,,
G Dominant 7/b5,G7b5,G,7b5,3 2 3 0 2 x,3 2 4 0 1 x,E F A D,,,,,
G Augmented 7,Gaug7,G,aug7,3 2 3 0 4 x,2 1 3 0 4 x,E A D,,,,,
G add6 add9,G6/9,G,6/9,3 2 0 2 3 0,2 1 0 3 4 0,Bb Eb F,,,,,
,,,,3 2 0 2 0 0,2 1 0 3 0 0,,,,,4 3 1 2 1 1,
G Minor add6 add9,Gm6/9,G,m6/9,,,E B,,,,,
G Major 7 13/9,Gmaj13/9,G,maj13/9,,,E A F,,,,,
G Dominant 7 13/9,G13/9,G,13/9,3 x 3 2 0 0,2 x 3 1 0 0,E A Bb,,,,3 x 4 2 1 1,
G Dominant 7 13/b9,G13/b9,G,13/b9,3 x 3 1 0 0,3 x 4 1 0 0 ,E,,,,3 x 4 2 1 1,
G Dominant 7#9,G7#9,G,7#9,,,Bb Eb,,,,,
,,,,,,,,,,,
Ab Major,Ab,Ab,M,,,E A C D,,,,,
,,A,,x 0 1 1 1 x,x 0 1 2 3 x,E Ab C#,,,,,
,,Bb,,,,G E C D,,,,,
,,B,,,,G,,,,,
,,C,,,,G C F,,,,,
,,Db,,,,E G A C,,,,,
,,D,,x x 0 5 4 4,x x 0 2 1 1,A E,,,,,
,,Eb,,,,E G A,,,,,
,,E,,0 x 1 1 1 x,0 x 1 1 1 x,E,,,,,
,,F,,,,C D,,,,,
,,Gb,,,,G E C,,,,,
,,G,,,,F E G Bb C,,,,,
Ab Minor,Abm,Ab,m,,,E A D,,,,,
,,A,,x 0 1 1 0 x,x 0 1 2 0 x,,,,,x 1 3 4 2 x,
,,Bb,,x 1 1 1 0 x,x 1 2 3 0 x,E C# D,,,,,
,,B,,x 2 1 1 0 x,x 3 1 2 0 x,C# E F#,,,,,
,,C,,,,F C#,,,,,
,,Db,,,,C# E A,,,,,
,,D,,x x 0 4 4 4,x x 0 1 2 3,E A C,,,,,
,,Eb,,,,E A D,,,,,
,,E,,0 x 1 1 0 x,0 x 1 2 0 x,C# F# E,,,,,
,,F,,1 x 1 1 0 x,1 x 2 3 0 x,F C# C,,,,,
,,Gb,,2 x 1 1 0 x,3 x 1 2 0 x,E C# F# C,,,,,
,,G,,,,E F C,,,,,
Ab Diminished,Abdim,Ab,dim,,,D F Bb A,,,,,
Ab Augmented,Abaug,Ab,aug,,,E A B G,,,,,
Ab Maj7,Abmaj7,Ab,maj7,,,E G A C D,,,,,
,,A,,x 0 1 1 1 3,x 0 1 1 1 3,E,,,,,
,,Bb,,x 1 1 0 1 x,x 1 2 0 3 x,G E D,,,,,
,,B,,,,G,,,,,
,,C,,,,G F C B,,,,,
,,Db,,,,E,,,,,
,,D,,,,E,,,,,
,,Eb,,,,G E D C A,,,,,
,,E,,0 x 1 1 1 3,0 x 1 1 1 3,D,,,,,
,,F,,1 x 1 0 1 x,1 x 2 0 3 x,G,,,,,
,,Gb,,,,G C,,,,,
,,G,,,,E F G,,,,,
Ab Dominant 7th,Ab7,Ab,7,,,E G B D A,,,,,
,,A,,x 0 1 1 1 2,x 0 1 1 1 2,E,,,,x 1 3 3 3 4,
,,Bb,,,,G E D,,,,,
,,B,,,,G E,,,,,
,,C,,,,G D B,,,,,
,,Db,,,,E B,,,,,
,,D,,,,E,,,,,
,,Eb,,,,G E D B A,,,,,
,,E,,0 x 1 1 1 2,0 x 1 1 1 2,E,,,,1 x 3 3 3 4,
,,F,,,,G A,,,,,
,,Gb,,,,G E B,,,,,
,,G,,,,G,,,,,
Ab Minor 7th,Abm7,Ab,m7,,,E A D B,,,,,
,,A,,x 0 1 1 0 2,x 0 1 2 0 3,E A,,,,,
,,Bb,,,,E D,,,,,
,,B,,,,F# B,,,,,
,,C,,,,F,,,,,
,,Db,,,,E A B,,,,,
,,D,,x x 0 1 0 2,x x 0 1 0 3,E,,,,,
,,Eb,,,,E D B A,,,,,
,,E,,0 x 1 1 0 2,0 x 1 2 0 3,E A,,,,,
,,F,,,,A,,,,,
,,Gb,,,,F# E B A,,,,,
,,G,,,,F B,,,,,
Ab Half-Diminshed,Abm7b5,Ab,m7b5,,,F D A B,,,,,
Ab Abdd 9,Abadd9,Ab,add9,,,,,,,,
Ab Sus 2,Absus2,Ab,sus2,,,A D,,,,,
Ab Abdd 4,Abadd4,Ab,add4,,,,,,,,
Ab Sus4,Absus4,Ab,sus4,,,E A D,,,,,
Ab 5 (Power Chord),Ab5,Ab,5,,,E A D,,,,,
Ab 6,Ab6,Ab,6,,,E A B F D G,,,,,
Ab Minor add 9,Abmadd9,Ab,madd9,,,E,,,,,
Ab Minor add 4,Abmadd4,Ab,madd4,,,E A ,,,,,
Ab Minor 6,Abm6,Ab,m6,,,E F B D,,,,,
Ab Major 9,Abmaj9,Ab,maj9,,,E Bb,,,,,
Ab Major 11,Abmaj11,Ab,maj11,,,E A,,,,,
Ab Major 13,Abmaj13,Ab,maj13,,,E F,,,,,
Ab Major #11,Abmaj#11,Ab,maj#11,,,E A,,,,,
Ab Minor 9,"Abm9, Abm7/9",Ab,"m9, m7/9",,,E B,,,,,
Ab Minor 11,Abm11,Ab,m11,,,E F# B A ,,,,,
Ab Minor 13,Abm13,Ab,m13,,,E A,,,,,
Ab Minor flat 9,Abm7(b9),Ab,m7(b9),,,E F#,,,,,
Ab Minor flat 13,Abm(b13),Ab,m(b13),,,E A,,,,,
Ab Minor sharp 11,Abm(#11),Ab,m(#11),,,E A,,,,,
Ab Minor Major 7th,Abm(maj7),Ab,m(maj7),,,E A D C F,,,,,
Ab Dominant 7/9,"Ab9, Ab7/9",Ab,"9, 7/9",,,E Bb Eb F,,,,,
Ab Dominant 7sus2,Ab7sus2,Ab,7sus2,,,D A,,,,,
Ab Dominant 7/11,Ab7sus4,Ab,7sus4,,,E A D B,,,,,
Ab Dominant 11th,Ab11,Ab,11,,,B A,,,,,
Ab Dominant 7/13,Ab13,Ab,13,,,E A Bb,,,,,
Ab Dominant 7/9b,Ab7b9,Ab,7b9,,,E Bb Eb,,,,,
Ab Dominant 7/11#,Ab(#11),Ab,#11,,,E A,,,,,
Ab Dominant 7/b5,Ab7b5,Ab,7b5,,,E F A D,,,,,
Ab Augmented 7,Abaug7,Ab,aug7,,,E A D,,,,,
Ab add6 add9,Ab6/9,Ab,6/9,,,Bb Eb F G,,,,,
Ab Minor add6 add9,Abm6/9,Ab,m6/9,,,E B,,,,,
Ab Major 7 13/9,Abmaj13/9,Ab,maj13/9,,,E A F,,,,,
Ab Dominant 7 13/9,Ab13/9,Ab,13/9,,,E A G Bb,,,,,
Ab Dominant 7 13/b9,Ab13/b9,Ab,13/b9,,,E G,,,,,
Ab Dominant 7#9,Ab7#9,Ab,7#9,,,Bb Eb,,,,,
,,,,,,,,,,,
A Major,A,A,M,x 0 2 2 2 0,x 0 1 2 3 0,E D C,,,,,
,,Bb,,,,Ab C# E,,,,,
,,B,,,,G E C D,,,,,
,,C,,,,G,,,,,
,,C#,,,,G C F,,,,,
,,D,,x x 0 2 2 0,x x 0 2 3 0,E G C,,,,,
,,D#,,x x 1 2 2 0,x x 1 2 3 0,E,,,,,
,,E,,0 0 2 2 2 0,0 0 1 2 3 0,E G,,,,,
,,F,,1 x 2 2 2 0,1 x 2 3 4 0,Ab E,,,,,
,,F#,,,,C D,,,,,
,,G,,,,G E C,,,,,
,,G#,,,,G E F Bb C,,,,,
A Minor,Am,A,m,x 0 2 2 1 0,x 0 2 3 1 0,E D,,,,,
,,Bb,,x 1 2 2 1 0,x 1 3 4 1 0,E Ab C#,,,,,
,,B,,x 2 2 2 1 0,x 2 3 4 1 0,Ab E C# D,,,,,
,,C,,x 3 2 2 1 0,x 4 2 3 1 0,Ab C# E F#,,,,,
,,C#,,,,F C#,,,,,
,,D,,x x 0 2 1 0,x x 0 2 1 x,C# E,,,,,
,,D#,,x x 1 2 1 0,x x 1 3 2 0,E C,,,,,
,,E,,0 0 2 2 1 0,0 0 2 3 1 0,E D,,,,,
,,F,,1 0 2 2 1 0,1 0 3 4 2 0,Ab F E C#,,,,,
,,F#,,2 0 2 2 1 0,2 0 3 4 1 0,Ab F C C#,,,,,
,,G,,3 0 2 2 1 0,4 0 2 3 1 0,Ab E C# F# C,,,,,
,,G#,,,,F E C,,,,,
A Diminished,Adim,A,dim,x 0 1 2 1 x,x 0 1 3 2 x,D F Bb A,,,,,
,,,,x 0 1 2 1 2,x 0 1 2 3 4,,,,,,
A Augmented,Aaug,A,aug,x 0 3 2 2 1,x 0 4 2 3 1,E B G,,,,,
,,,,x 0 3 2 2 x,x 0 3 1 2 x,,,,,,
A Maj7,Amaj7,A,maj7,x 0 2 1 2 0,x 0 2 1 3 0,E D C G,,,,,
,,Bb,,,,E Ab,,,,,
,,B,,,,G E D Ab,,,,,
,,C,,,,G,,,,,
,,C#,,,,G F C B,,,,,
,,D,,,,E,,,,,
,,D#,,,,E,,,,,
,,E,,0 0 2 1 2 0,0 0 2 1 3 0,G E D C,,,,,
,,F,,1 0 2 1 2 0,1 0 3 2 4 0,D,,,,,
,,F#,,2 0 2 1 2 0,2 0 3 1 4 0,G Ab,,,,,
,,G,,3 0 2 1 2 0,4 0 2 1 3 0,G C,,,,,
,,G#,,,,E F G,,,,,
A Dominant 7th,A7,A,7,x 0 2 0 2 0,x 0 2 0 3 0,E D B G,,,,,
,,,,x 0 2 0 2 3,x 0 2 0 3 4,,,,,x 1 2 1 3 4,
,,,,x 0 2 2 2 3,x 0 1 2 3 4,,,,,x 1 3 3 3 4,
,,Bb,,,,Ab E,,,,,
,,B,,,,G E D,,,,,
,,C,,,,G E,,,,,
,,C#,,,,G D B,,,,,
,,D,,,,E B,,,,,
,,Eb,,,,E,,,,,
,,E,,0 0 2 0 2 0,0 0 2 0 3 0,G E D B,,,,,
,,,,0 0 2 0 2 3,0 0 2 0 3 4,,,,,1 1 2 1 3 4,
,,,,0 0 2 2 2 3,0 0 1 2 3 4,,,,,1 1 3 3 3 4,
,,F,,,,Ab E,,,,,
,,F#,,2 0 2 0 2 0,1 0 2 0 3 0,G,,,,,
,,,,2 0 2 0 2 3,1 0 2 0 3 4,,,,,,
,,G,,3 0 2 0 2 0,3 0 1 0 2 0,G E B,,,,,
,,G#,,,,G,,,,,
A Minor 7th,Am7,A,m7,x 0 2 0 1 0,x 0 2 0 1 0,E D B,,,,,
,,,,x 0 2 0 1 3,x 0 2 0 1 4,E,,,,x 1 3 1 2 4,
,,,,x 0 2 2 1 3,x 0 2 3 1 4,,,,,,
,,Bb,,x 1 2 0 1 0,x 1 3 0 1 0,E Ab,,,,,
,,B,,x 2 2 0 1 0,x 2 3 0 1 0,E D,,,,,
,,C,,,,F# B,,,,,
,,C#,,x 4 2 0 1 0,x 4 2 0 1 0,F,,,,,
,,D,,x x 0 2 1 3,x x 0 2 1 4,E B,,,,,
,,D#,,,,E Ab,,,,,
,,E,,0 0 2 0 1 0,0 0 2 0 1 0,E D B,,,,,
,,,,0 0 2 2 1 3,0 0 2 3 1 4,,,,,,
,,,,0 0 2 0 1 3,0 0 2 0 1 4,,,,,,
,,F,,1 0 2 0 1 0,1 0 3 0 2 0,E,,,,,
,,F#,,2 0 2 0 1 0,2 0 3 0 1 0,,,,,,
,,G,,3 0 2 0 1 0,3 0 2 0 1 0,F# E B,,,,,
,,G#,,4 0 2 0 1 0,4 0 2 0 1 0,F B,,,,,
A Half-Diminshed,Am7b5,A,m7b5,x 0 1 2 1 3,x 0 1 3 2 4,F D B,,,,,
,,,,x 0 1 0 1 x,x 0 1 0 1 x,,,,,x 1 3 2 4 x,
A Add 9,Aadd9,A,add9,x 0 2 4 2 0,x 0 1 4 2 0,E C A,,,,x 1 2 4 3 1,
A Sus 2,Asus2,A,sus2,x 0 2 2 0 0,x 0 2 3 0 0,D,,,,,
,,E,,0 0 2 2 0 0,0 0 2 3 0 0,,,,,,
A Add 4,Aadd4,A,add4,x 0 0 2 2 0,x 0 0 2 3 0,E G,,,,,
A Sus4,Asus4,A,sus4,x 0 2 2 3 0 ,x 0 1 2 3 0,E D,,,,,
A 5 (Power Chord),A5,A,5,x 0 2 2 x x,x 0 2 3 x x,E D,,,,,
A 6,A6,A,6,x 0 2 2 2 2,x 0 1 1 1 1,E D F B G,,,,x 1 3 3 3 3,
,,E,,0 0 2 2 2 2,0 0 1 1 1 1,,,,,,
A Minor add 9,Amadd9,A,madd9,x 0 2 4 1 0,x 0 2 4 1 0,E,,,,,
A Minor add 4,Amadd4,A,madd4,x 0 0 2 1 0,x 0 0 2 1 0,E,,,,,
A Minor 6,Am6,A,m6,x 0 2 2 1 2,x 0 2 3 1 4,E F B D,,,,,
,,,,x 0 x 2 1 2,x 0 x 3 1 4,,,,,,
A Major 9,Amaj9,A,maj9,,,E Bb,,,,,
A Major 11,Amaj11,A,maj11,x 0 0 1 2 0,x 0 0 1 2 0,E,,,,,
A Major 13,Amaj13,A,maj13,x 0 2 1 2 2,x 0 2 1 3 4 ,E F,,,,,
A Major #11,Amaj#11,A,maj#11,x 0 1 1 2 0,x 0 1 1 2 0,E,,,,,
A Minor 9,"Am9, Am7/9",A,"m9, m7/9",x 0 2 4 1 3,x 0 2 4 1 3,E B,,,,,
A Minor 11,Am11,A,m11,x 0 0 0 1 0 ,x 0 0 0 1 0,E F# B,,,,,
A Minor 13,Am13,A,m13,x 0 2 0 1 2 ,x 0 2 0 1 3,E,,,,,
A Minor 7 flat 9,Am7(b9),A,m7(b9),x 0 2 3 1 3,x 0 2 3 1 4,E F#,,,,,
A Major flat 13,A(b13),A,(b13),5 x 5 6 6 x,x 0 3 0 1 2,E,,,,,
A Minor flat 13,Am(b13),A,m(b13),x 0 2 0 1 1,x 0 3 0 1 2,E,,,,,
A Minor sharp 11,Am(#11),A,m(#11),x 0 1 2 1 0,x 0 1 3 2 0,E,,,,,
A Minor Major 7th,Am(maj7),A,m(maj7),x 0 2 1 1 0,x 0 3 1 2 0,E D C F,,,,,
A Dominant 7/9,"A9, A7/9",A,"9, 7/9",x 0 2 4 2 3,x 0 1 4 2 3,E Bb Eb F,,,,,
A Dominant 7sus2,A7sus2,A,7sus2,x 0 2 0 0 0,x 0 2 0 0 0,D,,,,,
A Dominant 7/11,A7sus4,A,7sus4,x 0 2 0 3 0,x 0 1 0 3 0 ,E D B,,,,,
,,,,x 0 2 0 3 3,x 0 1 0 3 4,,,,,x 1 2 1 3 4,
,,,,x 0 2 2 3 3,x 0 1 2 3 4,,,,,,
A Dominant 11th,A11,A,11,x 0 0 0 2 0,x 0 0 0 2 0,B,,,,,
A Dominant 7/13,A13,A,13,x 0 2 0 2 2,x 0 1 0 2 3 ,E Bb,,,,,
A Dominant 7/9b,A7b9,A,7b9,x 0 2 3 2 3,x 0 1 3 2 4,E Bb Eb,,,,,
A Dominant 7/11#,A(#11),A,#11,x 0 1 0 2 0 ,x 0 1 0 3 0,E,,,,,
A Dominant 7/b5,A7b5,A,7b5,x 0 1 0 2 x ,x 0 1 0 3 x,E F D,,,,,
A Augmented 7,Aaug7,A,aug7,x 0 3 0 2 1,x 0 3 0 2 1,E D,,,,,
A add6 add9,A6/9,A,6/9,x 0 2 4 2 2 ,x 0 1 3 1 1 ,Bb Eb F G,,,,,
A Minor add6 add9,Am6/9,A,m6/9,,,E B,,,,,
A Major 7 13/9,Amaj13/9,A,maj13/9,x 0 2 1 0 2,x 0 2 1 0 3,E F,,,,,
A Dominant 7 13/9,A13/9,A,13/9,x 0 2 0 0 2,x 0 2 0 0 3,E G Bb,,,,,
A Dominant 7 13/b9,A13/b9,A,13/b9,x 0 5 3 2 2,x 0 4 2 1 1,E G,,,,,
A Dominant 7#9,A7#9,A,7#9,,,Eb Bb,,,,,
,,,,,,,,,,,
Bb Major,Bb,Bb,M,,,A E D,,,,,
,,B,,,,Ab C# E,,,,,
,,C,,,,G E C D,,,,,
,,Db,,,,G Eb,,,,,
,,D,,x x 0 3 3 1,x x 0 2 3 1,G C F,,,,,
,,Eb,,,,E G A C,,,,,
,,E,,0 1 3 3 3 1,0 1 2 3 4 1,A E,,,,,
,,F,,,,A E G,,,,,
,,Gb,,,,Ab E,,,,,
,,G,,,,C D,,,,,
,,Ab,,,,G E C,,,,,
,,A,,x 0 3 3 3 x,x 0 1 2 3 x,G E F C,,,,x 1 4 4 4 x,
Bb Minor,Bbm,Bb,m,,,A E,,,,,
,,B,,,,Ab C# E,,,,,
,,C,,,,Ab E C# D,,,,,
,,Db,,,,C# Ab E F#,,,,,
,,D,,x x 0 3 2 1,x x 0 3 2 1,F C#,,,,,
,,Eb,,,,C# A E,,,,,
,,E,,0 1 3 3 2 1,0 1 3 4 2 1,E A C,,,,,
,,F,,,,A E D,,,,,
,,Gb,,,,Ab F E C#,,,,,
,,G,,,,Ab F C C#,,,,,
,,Ab,,,,Ab E C# F# C,,,,,
,,A,,x 0 3 3 2 1,x 0 3 4 2 1,F E C,,,,,
Bb Diminished,Bbdim,Bb,dim,x 1 2 0 2 x ,x 1 2 0 3 x ,D F Bb A,,,,,
,,,,x 1 2 0 2 0,x 1 2 0 3 0 ,,,,,,
Bb Augmented,Bbaug,Bb,aug,,,A E G B,,,,,
Bb Maj7,Bbmaj7,Bb,maj7,,,A E G D C,,,,,
,,B,,,,E Ab,,,,,
,,C,,,,G E D Ab,,,,,
,,Db,,,,G,,,,,
,,D,,,,G F C B,,,,,
,,Eb,,,,E,,,,,
,,E,,0 1 3 2 3 1,0 1 3 2 4 1,E,,,,,
,,F,,,,A G E D C,,,,,
,,Gb,,,,D,,,,,
,,G,,,,G Ab,,,,,
,,Ab,,,,G C,,,,,
,,A,,x 0 3 3 3 5,x 0 1 1 1 3,E F G,,,,,
Bb Dominant 7th,Bb7,Bb,7,,,E G D B A,,,,,
,,B,,,,Ab E,,,,,
,,C,,,,G E D,,,,,
,,Db,,,,G E,,,,,
,,D,,,,G D B,,,,,
,,Eb,,,,E B,,,,,
,,E,,0 1 3 1 3 1,0 1 3 1 4 1,E,,,,,
,,,,0 1 3 1 3 4,0 1 2 1 3 4,,,,,,
,,F,,,,A G E D B,,,,,
,,Gb,,,,Ab E,,,,,
,,G,,,,A G,,,,,
,,Ab,,,,G E B,,,,,
,,A,,,,G,,,,,
Bb Minor 7th,Bbm7,Bb,m7,,,A E D B,,,,,
,,B,,,,E A Ab,,,,,
,,C,,,,E D,,,,,
,,Db,,,,F# B,,,,,
,,D,,,,F,,,,,
,,Eb,,,,A E B,,,,,
,,E,,0 1 3 1 2 1,0 1 3 1 2 1,E Ab,,,,,
,,F,,,,A E D B,,,,,
,,Gb,,,,A E,,,,,
,,G,,,,A,,,,,
,,Ab,,,,A F# E B,,,,,
,,A,,x 0 3 1 2 1,x 0 3 1 2 1,F B,,,,,
Bb Half-Diminshed,Bbm7b5,Bb,m7b5,,,A F D,,,,,
Bb Add 9,Bbadd9,Bb,add9,,,E A C ,,,,,
Bb Sus 2,Bbsus2,Bb,sus2,,,A D,,,,,
Bb Add 4,Bbadd4,Bb,add4,,,A E G,,,,,
Bb Sus4,Bbsus4,Bb,sus4,,,A E D,,,,,
Bb 5 (Power Chord),Bb5,Bb,5,,,A E D,,,,,
Bb 6,Bb6,Bb,6,,,A E F D B G,,,,,
Bb Minor add 9,Bbmadd9,Bb,madd9,,,E,,,,,
Bb Minor add 4,Bbmadd4,Bb,madd4,,,A E,,,,,
Bb Minor 6,Bbm6,Bb,m6,,,E F B D,,,,,
Bb Major 9,Bbmaj9,Bb,maj9,x 1 0 2 1 x,x 1 0 3 2 x,E,,,,,
Bb Major 11,Bbmaj11,Bb,maj11,,,A E,,,,,
Bb Major 13,Bbmaj13,Bb,maj13,,,E F,,,,,
Bb Major #11,Bbmaj#11,Bb,maj#11,x 1 3 2 3 0,x 1 3 2 4 0,A E,,,,,
Bb Minor 9,"Bbm9, Bbm7/9",Bb,"m9, m7/9",,,E B,,,,,
Bb Minor 11,Bbm11,Bb,m11,,,A E F# B ,,,,,
Bb Minor 13,Bbm13,Bb,m13,,,A E,,,,,
Bb Minor flat 9,Bbm7(b9),Bb,m7(b9),,,E F#,,,,,
Bb Minor flat 13,Bbm(b13),Bb,m(b13),,,A E,,,,,
Bb Minor sharp 11,Bbm(#11),Bb,m(#11),,,A E,,,,,
Bb Minor Major 7th,Bbm(maj7),Bb,m(maj7),,,A E D C F,,,,,
Bb Dominant 7/9,"Bb9, Bb7/9",Bb,"9, 7/9",x 1 0 1 1 x,x 1 0 2 3 x,E Eb F,,,,,
,,,,x 1 0 1 1 1,x 1 0 2 3 4,,,,,x 1 2 3 3 3,
Bb Dominant 7sus2,Bb7sus2,Bb,7sus2,,,A D,,,,,
Bb Dominant 7/11,Bb7sus4,Bb,7sus4,,,A E D B,,,,,
Bb Dominant 11th,Bb11,Bb,11,,,A B,,,,,
Bb Dominant 7/13,Bb13,Bb,13,x 1 0 1 3 3,x 1 0 2 4 4,A E,,,,x 2 1 3 4 4,
Bb Dominant 7/9b,Bb7b9,Bb,7b9,x 1 0 1 0 x,x 1 0 2 0 x ,E Eb,,,,,
,,,,x 1 0 1 0 1,x 1 0 2 0 3 ,,,,,,
Bb Dominant 7/11#,Bb(#11),Bb,#11,,,A E,,,,,
Bb Dominant 7/b5,Bb7b5,Bb,7b5,,,A E F D,,,,,
Bb Augmented 7,Bbaug7,Bb,aug7,,,E A D,,,,,
Bb add6 add9,Bb6/9,Bb,6/9,x 1 0 0 1 x,x 1 0 0 2 x,Eb F G,,,,,
,,,,x 1 0 0 1 1,x 1 0 0 2 3,,,,,,
Bb Minor add6 add9,Bbm6/9,Bb,m6/9,,,E B,,,,,
Bb Major 7 13/9,Bbmaj13/9,Bb,maj13/9,,,A E F,,,,,
Bb Dominant 7 13/9,Bb13/9,Bb,13/9,x 1 0 1 1 3,x 1 0 2 3 4,A E G,,,,x 2 1 3 3 4,Advanced
Bb Dominant 7 13/b9,Bb13/b9,Bb,13/b9,,,E G,,,,, 
Bb Dominant 7#9,Bb7#9,Bb,7#9,x 1 0 1 2 x,x 1 0 2 3 x,Eb,,,,,
,,,,,,,,,,,
B Major,B,B,M,,,A E D ,,,,,
,,C,,,,Ab C# E,,,,,
,,C#,,,,G E C D,,,,,
,,D,,x x 0 4 4 2,x x 0 2 3 1,G Eb,,,,,
,,D#,,,,G C F,,,,,
,,E,,0 x 4 4 4 2,0 x 2 3 4 1,E G A C,,,,,
,,F,,,,A E,,,,,
,,F#,,,,A E G,,,,,
,,G,,,,Ab E,,,,,
,,Ab,,,,C D,,,,,
,,A,,x 0 4 4 4 2,x 0 2 3 4 1,G E C,,,,,
,,A#,,,,G E F Bb C,,,,,
B Minor,Bm,B,m,,,A E D,,,,,
,,C,,,,E Ab C#,,,,,
,,C#,,,,Ab E C# D,,,,,
,,D,,x x 0 4 3 2,x x 0 3 2 1,C# Ab E F#,,,,,
,,D#,,,,F C#,,,,,
,,E,,0 2 4 4 3 2 ,0 1 3 4 2 1,C# A E,,,,,
,,F,,,,E A C,,,,,
,,F#,,,,A E D,,,,,
,,G,,,,Ab F E C#,,,,,
,,G#,,,,Ab F C C#,,,,,
,,A,,x 0 4 4 3 2,x 0 3 4 2 1,Ab E C# F# C,,,,,
,,,,x 0 9 7 7 7,x 0 3 1 1 1,,,,,,
,,A#,,,,F E C,,,,,
B Diminished,Bdim,B,dim,,,Bb A D F,,,,,
B Augmented,Baug,B,aug,x 2 1 0 0 x,x 2 1 0 0 x,A E G,,,,,
B Maj7,Bmaj7,B,maj7,,,A E D C G,,,,,
,,C,,,,E Ab,,,,,
,,C#,,,,G E D Ab,,,,,
,,D,,,,G,,,,,
,,D#,,x x 1 3 0 2,x x 1 3 0 2,G F C,,,,,
,,E,,0 2 4 3 4 2,0 1 3 2 4 1,E,,,,,
,,F,,,,E,,,,,
,,F#,,,,A G E D C,,,,,
,,G,,,,D,,,,,
,,G#,,,,G Ab,,,,,
,,A,,x 0 4 4 4 6,x 0 1 1 1 3,G C,,,,,
,,A#,,,,E F G,,,,,
B Dominant 7th,B7,B,7,x 2 1 2 0 2,x 2 1 3 0 4,A E D G,,,,,
,,,,x 2 1 2 0 x,x 2 1 3 0 x,,,,,,
,,C,,,,Ab E,,,,,
,,C#,,,,G E D,,,,,
,,D,,,,G E,,,,,
,,D#,,x x 1 2 0 2,x x 1 2 0 3,G D,,,,,
,,E,,0 2 1 2 0 2,0 2 1 3 0 4,E,,,,,
,,,,0 x 1 2 0 2,0 x 1 2 0 3,,,,,,
,,,,0 x 4 4 4 5,0 x 1 1 1 2,,,,,,
,,,,0 2 4 2 4 5,0 1 2 1 3 4,,,,,,
,,F,,1 x 1 2 0 2,1 x 2 3 0 4,E,,,,,
,,F#,,2 x 1 2 0 2,2 x 1 3 0 4,A G E D,,,,,
,,,,2 x 1 2 0 x,2 x 1 3 0 x,,,,,,
,,G,,,,Ab E,,,,,
,,Ab,,,,A G,,,,,
,,A,,x 0 1 2 0 2,x 0 1 2 0 3,G E,,,,,
,,,,x 0 4 4 4 5,x 0 1 1 1 2,,,,,,
,,,,x 0 4 2 4 5,x 0 2 1 3 4,,,,,,
,,A#,,,,G,,,,,
B Minor 7th,Bm7,B,m7,x 2 0 2 3 2,x 1 0 2 4 3,A E D,,,,,
,,,,x 2 0 2 0 2,x 2 0 2 0 3,,,,,,
,,C,,x 3 0 2 0 2,x 3 0 1 0 2,E A Ab,,,,,
,,C#,,,,E D,,,,,
,,D,,x x 0 2 0 2,x x 0 2 0 3,F#,,,,,
,,Eb,,,,F,,,,,
,,E,,0 2 0 2 0 2,0 1 0 2 0 3,A E,,,,,
,,F,,1 2 0 2 0 2,1 2 0 3 0 4,E Ab,,,,,
,,F#,,2 2 0 2 0 2,1 2 0 3 0 4,A E D,,,,,
,,,,2 2 0 2 0 x,1 2 0 3 0 x,,,,,,
,,G,,3 2 0 2 0 x,3 1 0 2 0 x,A E,,,,,
,,Ab,,,,A,,,,,
,,A,,x 0 0 2 0 2,x 0 0 1 0 2,A F# E,,,,x 1 1 3 1 4,
,,A#,,x 1 0 2 0 2,x 1 0 2 0 3,F,,,,,
B Half-Diminshed,Bm7b5,B,m7b5,x 2 0 2 0 1,x 2 0 3 0 1,A F D ,,,,,
B Add 9,Badd9,B,add9,,,E A C,,,,,
B Sus 2,Bsus2,B,sus2,,,A D,,,,,
B Add 4,Badd4,B,add4,7 9 9 8 0 0,1 3 4 2 0 0,A E G,,,,,
B Sus4,Bsus4,B,sus4,,,A E D,,,,,
B 5 (Power Chord),B5,B,5,,,A E D,,,,,
B 6,B6,B,6,x 2 1 1 0 2,x 3 1 2 0 4,A E F D B G,,,,,
,,,,x 2 1 1 0 x,x 3 1 2 0 x,,,,,,
B Minor add 9,Bmadd9,B,madd9,,,E,,,,,
B Minor add 4,Bmadd4,B,madd4,x 2 4 4 3 0,x 1 3 4 2 0 ,A E,,,,,
B Minor 6,Bm6,B,m6,x 2 0 1 0 2,x 2 0 1 0 3,E F D,,,,,
B Major 9,Bmaj9,B,maj9,,,Bb E,,,,,
B Major 11,Bmaj11,B,maj11,x 2 4 3 4 0,x 1 3 2 4 0,A E,,,,,
B Major 13,Bmaj13,B,maj13,,,E F,,,,,
B Major #11,Bmaj#11,B,maj#11,,,A E,,,,,
B Minor 9,"Bm9, Bm7/9",B,"m9, m7/9",x 2 0 2 2 x,x 1 0 2 3 x,E,,,,,
B Minor 11,Bm11,B,m11,x 2 0 2 3 0,x 1 0 2 3 0,A E F# ,,,,,
B Minor 13,Bm13,B,m13,,,A E,,,,,
B Minor flat 9,Bm7(b9),B,m7(b9),,,E F#,,,,,
B Minor flat 13,Bm(b13),B,m(b13),,,A E,,,,,
B Minor sharp 11,Bm(#11),B,m(#11),,,A E,,,,,
B Minor Major 7th,Bm(maj7),B,m(maj7),,,A E D C F,,,,,
B Dominant 7/9,"B9, B7/9",B,"9, 7/9",,,Bb E Eb F,,,,,
B Dominant 7sus2,B7sus2,B,7sus2,,,A D,,,,,
B Dominant 7/11,B7sus4,B,7sus4,x 2 2 2 0 0,x 1 2 3 0 0,A E D,,,,,
,,,,x 2 2 2 0 2,x 1 2 3 0 4,,,,,,
B Dominant 11th,B11,B,11,x 2 1 2 0 0,x 2 1 3 0 0,A,,,,,
B Dominant 7/13,B13,B,13,,,A E Bb,,,,,
B Dominant 7/9b,B7b9,B,7b9,,,E Bb Eb,,,,,
,,,,,,E A,,,,,
B Dominant 7/11#,B(#11),B,#11,,,A E,,,,,
B Dominant 7/b5,B7b5,B,7b5,x 2 1 2 0 1,x 3 1 4 0 2,A E F D,,,,,
B Augmented 7,Baug7,B,aug7,,,E A D,,,,,
B add6 add9,B6/9,B,6/9,,,Bb Eb F G,,,,,
B Minor add6 add9,Bm6/9,B,m6/9,x 2 0 1 2 x,x 2 0 1 3 x,,,,,,
B Major 7 13/9,Bmaj13/9,B,maj13/9,,,A E F,,,,,
B Dominant 7 13/9,B13/9,B,13/9,,,A E G Bb,,,,,
B Dominant 7 13/b9,B13/b9,B,13/b9,,,E G,,,,,
B Dominant 7#9,B7#9,B,7#9,,,Bb Eb,,,,,